genero,edad,tiempo_navegacion_min,frecuencia_visitas_mes,tipo_dispositivo,pais,visitas_soporte,comprara
M,36,6.22,2,desktop,Peru,1,0
M,64,19.17,7,movil,Chile,0,1
M,68,5.44,8,movil,Ecuador,1,0
M,41,10.41,5,movil,Peru,1,1
M,26,15.13,3,movil,Argentina,0,1
M,61,10.75,4,desktop,Peru,0,1
F,53,8.33,5,desktop,Ecuador,0,1
F,32,9.19,7,movil,Ecuador,2,0
M,41,14.13,5,desktop,Chile,0,1
M,21,4.06,5,movil,Peru,0,1
M,66,10.31,4,movil,Ecuador,0,1
M,50,6.45,5,tablet,Argentina,0,1
F,38,8.21,3,desktop,Peru,0,0
M,49,11.49,6,movil,Ecuador,1,1
M,24,7.44,0,movil,Peru,1,0
F,47,9.32,4,desktop,Colombia,1,0
M,38,8.93,5,movil,Ecuador,2,0
F,64,11.39,5,movil,Colombia,1,1
F,55,12.19,2,desktop,Colombia,0,1
F,65,12.02,3,desktop,Chile,0,1
F,32,17.52,4,tablet,Colombia,0,1
M,18,14.48,1,movil,Ecuador,0,1
M,49,21.29,3,tablet,Ecuador,0,1
M,59,15.29,6,movil,Peru,1,1
F,23,13.52,5,desktop,Colombia,1,1
F,56,5.08,2,movil,Ecuador,0,0
M,66,7.58,0,movil,Ecuador,0,0
F,21,23.4,1,movil,Colombia,0,1
F,52,14.72,7,desktop,Peru,1,1
M,39,14.99,5,movil,Argentina,2,1
F,29,18.68,4,movil,Peru,4,1
F,24,11.89,4,movil,Colombia,0,1
F,18,10.57,5,movil,Peru,0,1
M,47,8.0,3,movil,Chile,1,0
M,22,7.4,5,movil,Argentina,2,0
F,27,4.56,3,movil,Peru,0,0
F,24,13.37,3,desktop,Peru,1,0
F,39,14.94,2,desktop,Peru,0,1
F,32,11.8,6,desktop,Ecuador,0,1
F,58,7.48,6,desktop,Ecuador,2,0
M,25,7.7,3,movil,Chile,1,0
F,47,8.22,3,movil,Peru,1,0
M,58,16.67,2,movil,Chile,0,1
M,57,7.45,9,movil,Peru,1,0
M,34,3.77,4,movil,Peru,0,1
M,42,9.86,4,tablet,Chile,0,1
M,37,16.29,5,movil,Ecuador,0,1
F,63,2.0,2,desktop,Peru,0,0
F,56,10.73,3,movil,Argentina,0,1
F,61,11.83,10,desktop,Chile,1,1
F,67,8.77,4,desktop,Argentina,2,0
M,18,11.83,7,desktop,Peru,0,1
M,58,12.29,2,movil,Argentina,1,0
F,26,10.47,6,movil,Chile,1,1
M,22,12.97,5,desktop,Ecuador,1,1
F,58,15.55,3,movil,Argentina,0,1
F,59,9.61,6,movil,Peru,2,0
F,65,14.25,3,movil,Ecuador,0,1
F,51,5.31,3,movil,Argentina,0,0
M,66,9.98,3,tablet,Chile,1,0
M,38,5.28,2,movil,Chile,1,0
F,50,13.94,7,movil,Argentina,0,1
F,21,15.59,4,movil,Colombia,1,1
F,36,25.99,5,desktop,Peru,0,1
M,51,16.48,3,movil,Argentina,2,0
M,18,2.05,7,desktop,Argentina,1,0
M,57,18.22,1,desktop,Chile,0,1
F,58,8.01,6,movil,Ecuador,0,1
M,56,10.11,5,movil,Peru,2,1
M,52,15.23,7,movil,Argentina,0,1
F,65,12.16,4,desktop,Chile,1,1
M,52,7.08,3,movil,Peru,1,0
F,32,16.74,3,desktop,Ecuador,0,1
M,42,11.06,4,desktop,Ecuador,1,1
M,23,2.03,5,desktop,Chile,0,1
M,34,7.46,5,desktop,Peru,2,0
F,22,11.51,2,desktop,Ecuador,0,1
F,42,27.48,5,movil,Argentina,1,1
F,30,11.3,3,desktop,Argentina,0,1
F,33,10.75,1,movil,Argentina,1,0
F,47,7.41,4,movil,Chile,0,1
M,37,14.32,5,movil,Argentina,0,1
F,57,13.97,5,movil,Chile,0,1
M,26,11.53,4,tablet,Argentina,1,1
M,41,7.86,3,movil,Peru,0,0
F,26,11.15,6,desktop,Colombia,0,1
M,19,13.07,4,movil,Peru,0,1
M,39,15.14,2,movil,Peru,1,0
F,64,14.2,5,desktop,Argentina,0,1
M,23,12.75,7,desktop,Argentina,0,1
M,22,14.25,2,desktop,Ecuador,1,0
F,26,10.78,3,movil,Colombia,1,0
F,30,14.2,3,movil,Argentina,0,1
M,21,8.19,3,movil,Peru,0,0
M,42,14.57,3,movil,Colombia,0,1
M,35,3.78,3,desktop,Ecuador,0,0
M,55,2.0,2,movil,Ecuador,0,0
M,27,13.86,4,movil,Chile,2,1
F,55,13.93,4,desktop,Peru,0,1
F,67,2.0,3,movil,Chile,0,0
M,53,9.4,7,desktop,Argentina,0,1
F,20,3.0,6,desktop,Chile,1,0
F,34,6.2,2,tablet,Chile,0,0
F,45,11.38,6,desktop,Chile,0,1
M,69,8.23,5,desktop,Argentina,0,1
M,31,6.25,4,desktop,Colombia,0,1
F,43,7.26,4,tablet,Peru,1,0
M,52,18.14,6,movil,Chile,0,1
M,25,11.39,3,movil,Peru,2,0
M,62,21.82,4,desktop,Colombia,0,1
M,59,17.08,6,desktop,Peru,1,1
F,68,15.7,1,desktop,Peru,0,1
M,48,10.49,3,movil,Ecuador,1,0
F,48,8.44,8,desktop,Chile,0,1
F,34,2.67,5,tablet,Argentina,1,0
M,23,12.07,3,movil,Chile,0,1
M,27,7.02,5,desktop,Colombia,0,1
M,27,11.46,4,movil,Peru,0,1
F,38,13.65,2,desktop,Peru,0,1
F,49,14.84,3,movil,Argentina,1,0
M,47,8.05,2,desktop,Peru,2,0
F,43,17.27,2,movil,Ecuador,0,1
F,47,14.63,4,movil,Argentina,0,1
F,66,3.68,5,desktop,Argentina,0,1
F,44,13.99,3,desktop,Ecuador,0,1
M,34,14.74,11,movil,Colombia,0,1
M,28,8.8,8,movil,Chile,0,1
F,45,23.57,5,desktop,Ecuador,0,1
M,53,15.0,5,movil,Colombia,1,1
M,62,20.13,4,movil,Chile,0,1
M,18,14.79,8,tablet,Argentina,0,1
M,46,7.78,5,movil,Ecuador,0,1
F,18,10.16,5,movil,Argentina,0,1
F,20,12.71,2,desktop,Colombia,1,0
M,26,4.77,3,tablet,Chile,1,0
M,64,14.9,4,movil,Chile,1,1
F,60,14.67,3,movil,Colombia,1,0
M,42,9.58,6,tablet,Argentina,1,0
M,50,11.75,1,movil,Ecuador,0,1
F,59,20.01,1,movil,Chile,0,1
F,44,15.34,5,movil,Chile,0,1
M,27,12.46,2,movil,Colombia,1,0
F,23,12.85,1,desktop,Ecuador,0,1
M,57,17.56,7,movil,Peru,0,1
F,50,19.01,1,movil,Chile,1,0
M,47,11.88,7,tablet,Peru,0,1
M,25,20.31,1,movil,Chile,0,1
M,60,3.27,6,tablet,Ecuador,1,0
F,19,14.41,6,movil,Chile,0,1
F,63,12.83,5,movil,Colombia,0,1
M,49,17.26,1,movil,Peru,1,0
F,23,12.17,2,movil,Peru,0,1
F,48,7.37,4,movil,Colombia,1,0
F,36,13.57,1,movil,Peru,0,1
M,54,13.17,3,movil,Colombia,1,0
M,44,15.25,6,desktop,Chile,1,1
F,57,16.27,6,desktop,Argentina,0,1
M,28,12.82,2,movil,Argentina,0,1
F,62,14.89,5,desktop,Colombia,1,1
F,23,9.6,5,tablet,Ecuador,0,1
F,37,9.31,4,movil,Argentina,0,1
F,20,9.42,5,movil,Argentina,0,1
M,41,9.77,7,desktop,Argentina,0,1
F,49,19.74,9,movil,Argentina,0,1
F,56,13.04,5,desktop,Ecuador,0,1
M,33,11.62,7,desktop,Ecuador,1,1
F,54,14.14,5,tablet,Ecuador,1,1
F,44,9.41,4,desktop,Peru,0,1
F,21,2.0,6,desktop,Argentina,0,1
F,18,12.4,4,movil,Argentina,0,1
F,61,6.35,1,movil,Peru,1,0
F,42,12.81,8,movil,Argentina,0,1
F,19,6.86,5,movil,Peru,0,1
M,41,14.66,2,movil,Colombia,0,1
M,45,11.69,7,movil,Argentina,1,1
M,57,16.08,6,tablet,Peru,0,1
M,65,17.52,5,movil,Argentina,0,1
F,54,10.46,3,movil,Chile,0,1
M,38,14.09,4,movil,Ecuador,1,1
F,21,12.08,3,movil,Ecuador,0,1
F,18,6.06,4,desktop,Argentina,0,1
M,45,13.13,3,tablet,Colombia,1,0
M,56,10.49,7,desktop,Argentina,0,1
F,63,4.62,1,movil,Colombia,0,0
F,41,2.0,5,desktop,Colombia,0,1
M,18,11.12,3,movil,Peru,0,1
F,45,9.53,7,desktop,Chile,0,1
M,19,13.79,3,movil,Chile,0,1
F,18,15.28,6,desktop,Chile,0,1
F,46,7.64,7,movil,Ecuador,1,0
F,32,10.73,5,desktop,Argentina,0,1
F,39,11.05,4,movil,Argentina,1,1
M,27,3.91,5,movil,Ecuador,2,0
M,25,8.89,3,movil,Colombia,1,0
F,59,12.85,3,tablet,Peru,2,0
F,36,11.79,3,movil,Colombia,0,1
M,32,9.73,2,desktop,Argentina,0,0
F,29,8.61,5,movil,Colombia,0,1
F,60,2.77,4,movil,Peru,0,1
F,37,2.0,5,movil,Argentina,0,1
M,44,10.98,4,desktop,Colombia,1,1
M,49,9.33,7,desktop,Chile,1,0
F,57,8.78,2,movil,Argentina,0,0
F,24,17.61,1,movil,Ecuador,3,0
M,69,15.72,7,movil,Argentina,1,1
F,25,14.29,6,desktop,Peru,1,1
M,23,13.89,7,movil,Argentina,0,1
M,65,15.02,6,movil,Peru,1,1
F,18,20.31,3,movil,Argentina,1,0
F,25,17.8,9,movil,Chile,0,1
M,39,7.05,3,movil,Colombia,0,0
M,46,10.07,6,desktop,Colombia,1,1
F,36,10.43,1,desktop,Peru,1,0
M,40,10.32,8,movil,Argentina,0,1
F,56,7.45,5,movil,Argentina,0,1
M,45,5.91,3,desktop,Colombia,0,0
F,34,7.53,10,movil,Ecuador,0,1
M,51,13.71,2,desktop,Colombia,0,1
F,19,18.2,5,movil,Ecuador,0,1
M,39,14.03,2,desktop,Peru,1,0
M,65,5.25,7,tablet,Argentina,0,1
M,68,11.15,5,tablet,Chile,0,1
M,64,11.63,6,movil,Colombia,0,1
F,66,9.47,5,desktop,Ecuador,1,0
M,49,22.53,4,movil,Argentina,0,1
F,34,12.8,4,movil,Colombia,0,1
F,20,6.81,6,movil,Colombia,0,1
F,39,17.66,7,movil,Peru,2,1
F,57,14.31,5,movil,Peru,1,1
M,25,17.39,3,desktop,Chile,0,1
F,18,6.57,5,movil,Argentina,0,1
M,46,14.03,3,desktop,Ecuador,0,1
M,40,7.99,4,movil,Colombia,1,0
M,40,10.6,4,movil,Chile,0,1
F,21,8.33,6,desktop,Colombia,1,0
F,57,14.84,2,desktop,Colombia,0,1
F,33,15.05,4,movil,Peru,0,1
F,54,4.99,4,desktop,Peru,0,1
F,50,7.53,2,tablet,Argentina,0,0
F,18,14.55,2,desktop,Argentina,0,1
F,25,6.64,4,movil,Colombia,0,1
F,43,14.18,3,desktop,Colombia,0,1
F,35,11.33,6,movil,Peru,0,1
M,38,14.54,3,movil,Chile,1,0
F,59,8.11,5,movil,Chile,0,1
F,42,12.17,2,movil,Peru,1,0
F,60,7.38,10,movil,Chile,0,1
F,25,10.46,5,desktop,Ecuador,0,1
M,51,17.92,2,desktop,Colombia,0,1
F,37,10.02,3,tablet,Ecuador,1,0
M,35,18.78,4,movil,Colombia,0,1
M,42,5.86,3,movil,Peru,1,0
M,47,14.64,0,tablet,Colombia,0,1
F,62,4.65,2,movil,Chile,0,0
M,53,15.29,6,desktop,Peru,2,1
M,48,22.21,2,movil,Chile,0,1
M,68,12.78,5,movil,Ecuador,1,1
M,40,2.0,5,desktop,Colombia,0,1
M,42,3.57,7,desktop,Colombia,1,0
M,54,17.5,6,movil,Chile,1,1
M,44,13.21,5,desktop,Colombia,0,1
M,58,6.57,4,movil,Colombia,0,1
F,21,8.75,4,movil,Chile,2,0
M,18,13.04,5,movil,Argentina,1,1
F,33,13.82,5,desktop,Peru,0,1
F,24,15.42,4,movil,Ecuador,0,1
M,29,13.55,5,movil,Chile,0,1
F,19,10.81,5,movil,Peru,0,1
M,30,16.19,3,desktop,Colombia,0,1
M,46,10.88,4,desktop,Chile,1,1
M,63,11.28,0,movil,Ecuador,1,0
F,43,4.77,0,movil,Argentina,0,0
F,58,26.18,5,movil,Colombia,0,1
M,44,12.83,4,movil,Chile,0,1
F,21,18.84,5,movil,Ecuador,2,1
M,36,15.7,7,movil,Colombia,1,1
F,18,9.41,1,desktop,Peru,1,0
F,49,14.61,2,movil,Ecuador,0,1
M,32,14.81,3,desktop,Ecuador,0,1
F,26,20.05,4,movil,Chile,0,1
M,35,4.99,6,movil,Chile,1,0
M,64,12.39,3,movil,Ecuador,0,1
F,58,15.36,8,movil,Argentina,1,1
M,51,18.6,5,desktop,Argentina,0,1
F,40,12.77,4,desktop,Argentina,2,1
M,54,5.67,6,movil,Ecuador,1,0
M,37,10.45,6,desktop,Peru,1,1
M,22,18.35,2,desktop,Chile,0,1
M,69,8.21,4,desktop,Chile,0,1
M,63,9.41,6,movil,Colombia,1,0
M,48,10.7,1,movil,Colombia,1,0
M,18,10.48,2,movil,Chile,1,0
M,34,9.98,4,movil,Argentina,0,1
M,45,4.91,6,tablet,Colombia,0,1
F,27,12.12,5,desktop,Argentina,1,1
F,18,12.16,4,movil,Colombia,1,1
M,43,15.69,6,movil,Argentina,0,1
F,46,18.8,4,desktop,Colombia,0,1
F,68,5.69,7,movil,Argentina,1,0
M,30,2.0,7,desktop,Peru,0,1
M,49,11.46,3,desktop,Chile,1,0
M,33,11.37,6,tablet,Chile,0,1
M,28,18.46,4,desktop,Peru,1,1
M,50,15.14,3,movil,Chile,0,1
F,32,2.04,6,movil,Colombia,0,1
M,47,10.07,3,movil,Argentina,1,0
F,60,6.59,8,movil,Colombia,0,1
M,32,18.91,4,desktop,Colombia,0,1
M,58,18.12,8,desktop,Peru,0,1
M,35,21.4,3,movil,Argentina,2,0
F,37,20.41,3,movil,Ecuador,0,1
M,22,13.22,4,movil,Ecuador,1,1
M,41,6.4,5,movil,Ecuador,0,1
M,22,16.2,1,desktop,Ecuador,0,1
M,59,10.83,3,movil,Ecuador,0,1
F,25,11.79,7,movil,Chile,2,1
M,33,9.66,4,movil,Colombia,2,0
M,40,16.93,7,desktop,Peru,3,1
F,27,4.14,4,desktop,Ecuador,1,0
M,30,5.45,2,movil,Argentina,0,0
M,29,8.74,2,desktop,Peru,0,0
F,31,18.59,5,desktop,Argentina,0,1
M,39,6.51,6,movil,Chile,0,1
F,45,14.34,9,desktop,Ecuador,0,1
F,66,10.65,4,movil,Colombia,0,1
F,28,10.01,3,movil,Colombia,0,1
M,23,17.41,1,movil,Chile,1,0
M,45,2.0,2,desktop,Argentina,1,0
F,23,19.29,2,movil,Peru,2,0
F,33,3.36,3,movil,Peru,2,0
F,25,20.64,3,movil,Colombia,0,1
F,29,18.93,5,desktop,Peru,1,1
F,46,2.0,3,movil,Colombia,0,0
M,34,11.63,1,desktop,Ecuador,1,0
M,67,7.5,6,movil,Peru,1,0
M,24,5.7,5,movil,Ecuador,0,1
M,69,14.83,6,desktop,Peru,0,1
F,57,5.4,5,movil,Ecuador,0,1
F,29,13.79,2,tablet,Ecuador,1,0
M,19,7.01,9,tablet,Argentina,1,0
M,44,5.37,4,movil,Peru,1,0
F,46,7.09,7,desktop,Peru,0,1
M,64,8.21,4,movil,Ecuador,1,0
M,19,14.62,1,desktop,Argentina,2,0
M,58,13.86,6,desktop,Chile,0,1
M,33,6.91,5,tablet,Chile,0,1
M,44,16.98,4,movil,Argentina,1,1
M,60,9.12,4,desktop,Colombia,0,1
F,29,6.03,3,desktop,Argentina,0,0
F,57,11.07,5,movil,Argentina,0,1
F,18,15.79,3,movil,Ecuador,0,1
F,61,16.19,6,movil,Ecuador,0,1
F,61,23.8,3,desktop,Colombia,0,1
F,54,6.48,1,movil,Ecuador,1,0
F,43,16.14,3,movil,Argentina,1,0
F,43,9.6,6,movil,Chile,0,1
M,41,13.06,2,movil,Colombia,1,0
F,29,7.84,0,desktop,Argentina,0,0
F,61,11.97,4,movil,Ecuador,0,1
M,29,13.21,3,movil,Peru,0,1
F,57,11.31,5,desktop,Chile,1,1
M,60,15.49,3,tablet,Argentina,0,1
M,64,8.69,4,desktop,Argentina,0,1
F,21,21.37,3,desktop,Ecuador,0,1
M,59,18.91,2,tablet,Argentina,0,1
M,32,15.45,4,movil,Argentina,0,1
M,27,10.37,2,movil,Peru,0,1
F,46,21.79,2,desktop,Ecuador,0,1
M,29,18.07,3,movil,Peru,0,1
M,48,9.75,5,desktop,Ecuador,0,1
M,20,12.48,1,desktop,Colombia,1,0
M,38,6.33,4,movil,Chile,0,1
M,33,14.09,3,desktop,Argentina,0,1
M,63,18.99,5,movil,Peru,0,1
F,20,5.87,4,movil,Colombia,0,1
F,54,13.24,4,movil,Colombia,0,1
M,64,12.29,5,tablet,Argentina,1,1
M,50,19.01,4,desktop,Argentina,0,1
F,18,20.08,1,movil,Ecuador,0,1
M,60,15.21,4,movil,Peru,0,1
M,56,4.03,3,desktop,Colombia,2,0
M,36,17.49,2,desktop,Chile,2,0
F,42,10.2,5,movil,Argentina,1,1
M,49,6.65,5,desktop,Chile,0,1
M,43,16.71,2,tablet,Peru,0,1
M,59,10.56,4,desktop,Argentina,1,1
M,62,18.67,6,desktop,Colombia,0,1
M,37,14.13,5,movil,Chile,1,1
F,20,11.27,3,tablet,Peru,1,0
M,61,12.46,9,movil,Peru,0,1
M,29,18.27,5,desktop,Argentina,2,1
F,61,17.91,3,movil,Peru,0,1
M,42,5.57,6,desktop,Peru,0,1
F,34,3.64,5,desktop,Ecuador,1,0
M,38,11.96,6,desktop,Argentina,2,1
F,34,4.97,2,desktop,Ecuador,0,0
M,55,21.87,4,movil,Ecuador,0,1
F,67,15.22,8,desktop,Argentina,0,1
M,61,3.99,4,desktop,Ecuador,0,1
F,67,12.07,2,desktop,Chile,0,1
F,20,11.11,6,desktop,Colombia,1,1
M,38,13.89,4,movil,Colombia,2,1
M,59,12.95,4,movil,Colombia,0,1
F,48,7.39,3,movil,Chile,1,0
M,40,8.28,4,desktop,Chile,2,0
M,68,16.47,3,desktop,Ecuador,0,1
F,36,8.91,2,desktop,Ecuador,0,0
M,64,14.47,1,desktop,Peru,0,1
F,52,10.78,4,movil,Ecuador,0,1
F,64,9.58,4,movil,Colombia,0,1
F,47,13.43,5,movil,Colombia,0,1
F,19,6.68,3,tablet,Peru,0,0
F,43,9.12,5,movil,Peru,0,1
M,55,10.17,6,movil,Ecuador,1,1
M,61,7.68,4,movil,Colombia,1,0
F,46,12.08,4,desktop,Peru,0,1
M,40,13.97,1,movil,Argentina,0,1
F,32,16.06,2,movil,Colombia,1,0
F,22,10.89,3,desktop,Chile,1,0
M,23,3.77,1,movil,Ecuador,0,0
M,65,9.66,2,movil,Chile,0,0
F,47,12.14,3,movil,Argentina,0,1
M,36,13.53,2,desktop,Ecuador,0,1
F,39,13.41,8,tablet,Chile,0,1
M,51,18.15,3,movil,Chile,0,1
F,43,11.4,5,tablet,Ecuador,1,1
F,68,15.74,2,movil,Argentina,2,0
M,47,12.76,3,movil,Ecuador,1,0
M,59,10.12,5,movil,Colombia,0,1
M,32,19.35,7,movil,Argentina,0,1
M,34,8.61,1,movil,Chile,0,0
F,53,12.72,2,movil,Colombia,0,1
M,45,14.62,6,movil,Colombia,0,1
M,51,12.78,2,movil,Chile,0,1
F,23,10.63,3,desktop,Peru,0,1
F,65,3.35,4,movil,Peru,0,1
F,67,19.22,3,desktop,Argentina,0,1
M,39,3.02,3,desktop,Colombia,1,0
M,69,8.23,5,movil,Argentina,1,0
F,39,13.16,3,movil,Ecuador,1,0
M,69,13.53,3,tablet,Peru,0,1
F,61,19.18,0,movil,Argentina,0,1
F,66,2.0,6,movil,Argentina,0,1
F,38,7.68,7,desktop,Peru,0,1
F,24,9.42,2,movil,Argentina,1,0
F,51,24.06,7,movil,Colombia,0,1
F,29,16.15,6,movil,Chile,0,1
F,23,8.32,5,movil,Chile,0,1
F,54,16.91,3,movil,Chile,0,1
F,32,7.27,4,movil,Argentina,3,0
M,69,19.18,8,movil,Ecuador,0,1
M,32,12.52,5,movil,Chile,0,1
F,58,23.78,2,movil,Ecuador,0,1
F,38,16.51,2,desktop,Chile,0,1
M,27,8.41,1,movil,Ecuador,0,0
F,66,14.5,2,desktop,Chile,0,1
F,56,18.9,5,desktop,Chile,1,1
F,18,8.67,3,desktop,Ecuador,0,0
F,63,15.93,4,desktop,Colombia,0,1
M,21,7.53,4,movil,Argentina,0,1
M,47,16.46,3,movil,Argentina,0,1
F,57,10.68,2,movil,Argentina,0,1
F,27,8.13,6,desktop,Colombia,0,1
M,21,5.83,6,desktop,Argentina,0,1
M,49,17.84,4,desktop,Peru,1,1
F,60,17.83,3,movil,Argentina,1,0
M,66,6.07,4,movil,Argentina,0,1
F,28,3.92,6,movil,Peru,0,1
M,43,8.18,4,desktop,Peru,0,1
M,59,16.91,3,desktop,Argentina,0,1
M,51,2.0,3,movil,Chile,0,0
F,57,13.65,7,movil,Colombia,0,1
F,59,10.49,3,desktop,Argentina,0,1
M,52,11.43,5,desktop,Ecuador,1,1
M,67,9.81,4,tablet,Argentina,0,1
F,41,13.37,4,desktop,Peru,0,1
M,41,13.88,2,movil,Argentina,0,1
M,37,22.27,8,movil,Chile,2,1
F,36,6.31,5,movil,Chile,0,1
F,41,15.58,3,movil,Ecuador,0,1
F,25,13.63,5,movil,Peru,0,1
M,58,6.54,8,movil,Colombia,2,0
F,68,19.97,2,movil,Colombia,1,0
M,66,14.84,9,movil,Ecuador,1,1
F,51,21.52,3,movil,Peru,1,0
F,23,13.42,2,tablet,Chile,1,0
M,64,14.58,1,desktop,Colombia,1,0
M,47,11.39,3,desktop,Ecuador,1,0
F,56,12.05,0,movil,Colombia,0,1
F,31,15.27,5,movil,Colombia,0,1
F,56,12.64,4,desktop,Ecuador,1,1
F,59,5.11,5,movil,Ecuador,0,1
F,23,4.45,6,movil,Argentina,1,0
M,36,16.53,1,movil,Colombia,0,1
F,65,8.85,3,movil,Chile,0,0
M,26,7.2,3,desktop,Colombia,0,0
F,65,16.03,4,movil,Colombia,0,1
M,36,6.88,4,movil,Argentina,2,0
F,67,13.56,5,tablet,Peru,0,1
M,29,20.66,4,desktop,Colombia,0,1
F,56,14.83,2,movil,Argentina,0,1
M,42,11.18,7,desktop,Chile,1,1
M,19,18.16,5,movil,Ecuador,0,1
M,24,8.89,6,tablet,Chile,0,1
M,21,15.79,3,desktop,Ecuador,0,1
M,55,12.02,4,desktop,Chile,1,1
F,63,8.01,2,desktop,Argentina,0,0
F,47,18.25,4,movil,Colombia,0,1
F,35,7.84,3,desktop,Ecuador,1,0
M,37,13.03,4,movil,Ecuador,0,1
F,63,17.74,10,movil,Ecuador,1,1
M,40,12.91,3,movil,Chile,0,1
F,55,13.01,3,movil,Argentina,0,1
M,32,8.57,6,desktop,Peru,0,1
F,68,6.47,2,desktop,Peru,0,0
M,68,8.61,2,movil,Colombia,1,0
F,66,10.83,5,desktop,Chile,0,1
F,47,8.7,4,movil,Ecuador,1,0
M,38,9.86,4,movil,Colombia,1,0
F,61,11.93,5,desktop,Peru,0,1
F,42,6.38,3,desktop,Chile,0,0
M,35,20.37,2,desktop,Chile,0,1
M,63,13.03,8,movil,Argentina,2,1
M,56,5.59,4,movil,Colombia,0,1
F,33,10.98,4,desktop,Colombia,1,1
M,69,2.86,4,movil,Peru,0,1
M,46,5.67,4,movil,Peru,0,1
F,24,4.19,0,desktop,Colombia,0,0
F,30,11.51,8,movil,Argentina,0,1
M,56,12.73,0,movil,Argentina,0,1
F,53,17.69,3,movil,Peru,0,1
F,56,13.08,11,movil,Ecuador,1,1
F,52,13.85,5,movil,Argentina,0,1
F,22,12.74,2,desktop,Peru,0,1
M,61,16.5,2,movil,Chile,0,1
M,34,8.77,7,movil,Peru,2,0
M,66,8.18,5,desktop,Peru,0,1
M,55,12.37,3,movil,Argentina,0,1
F,43,10.44,3,movil,Peru,0,1
F,46,15.98,5,movil,Ecuador,0,1
M,28,12.14,3,desktop,Colombia,2,0
F,49,8.61,5,movil,Chile,1,0
M,44,2.0,4,desktop,Chile,0,1
F,61,13.76,6,desktop,Argentina,0,1
M,48,15.19,4,movil,Argentina,0,1
F,66,13.78,7,movil,Colombia,1,1
M,51,9.38,3,tablet,Ecuador,4,0
F,25,10.25,3,movil,Ecuador,1,0
F,44,18.88,7,desktop,Peru,2,1
M,30,8.37,4,movil,Peru,0,1
F,62,14.83,5,desktop,Colombia,1,1
F,65,18.17,3,desktop,Argentina,0,1
F,67,10.87,1,desktop,Chile,1,0
F,37,6.71,2,tablet,Chile,0,0
M,18,11.5,4,movil,Colombia,1,1
M,30,15.66,5,movil,Ecuador,1,1
F,20,7.71,4,tablet,Colombia,0,1
F,39,16.36,3,movil,Peru,1,0
F,53,8.47,7,movil,Colombia,0,1
M,66,10.63,4,movil,Chile,1,1
M,20,12.21,3,movil,Peru,1,0
M,48,20.69,3,desktop,Ecuador,1,0
F,28,11.38,6,movil,Colombia,0,1
M,21,10.36,5,desktop,Argentina,0,1
M,36,8.72,2,movil,Chile,0,0
M,37,11.33,7,movil,Chile,0,1
F,34,2.0,6,movil,Chile,1,0
M,19,7.1,5,movil,Ecuador,0,1
F,48,6.71,5,movil,Peru,0,1
F,60,11.95,2,movil,Peru,1,0
F,52,16.63,6,movil,Ecuador,1,1
F,39,19.98,6,movil,Colombia,1,1
F,52,7.91,1,tablet,Argentina,1,0
M,40,12.08,5,movil,Ecuador,0,1
M,24,8.33,2,desktop,Peru,0,0
F,35,14.57,1,desktop,Colombia,0,1
F,69,12.25,4,movil,Peru,2,1
F,32,3.55,4,desktop,Ecuador,1,0
F,33,5.73,2,movil,Peru,0,0
M,47,4.16,2,movil,Peru,0,0
M,33,12.27,1,movil,Ecuador,0,1
M,31,9.53,4,desktop,Peru,1,0
M,47,19.31,3,desktop,Argentina,1,0
M,68,12.22,1,desktop,Argentina,0,1
M,58,21.5,2,movil,Peru,0,1
F,50,11.91,7,movil,Ecuador,0,1
M,27,21.95,2,movil,Ecuador,0,1
M,64,7.21,5,movil,Peru,1,0
F,35,12.82,2,desktop,Chile,0,1
F,26,2.0,11,movil,Colombia,1,0
M,54,12.68,6,movil,Colombia,0,1
F,64,17.55,0,movil,Ecuador,0,1
M,54,19.82,4,desktop,Peru,2,1
M,45,7.43,8,tablet,Peru,3,0
F,68,14.41,4,movil,Ecuador,0,1
F,64,13.36,4,desktop,Peru,0,1
M,22,8.96,6,tablet,Colombia,0,1
F,53,10.01,4,movil,Colombia,1,1
M,53,15.08,2,desktop,Ecuador,1,0
F,43,7.09,5,movil,Colombia,1,0
F,19,10.82,3,movil,Argentina,0,1
M,46,10.43,6,desktop,Colombia,0,1
F,64,9.28,6,tablet,Argentina,1,0
M,26,13.03,3,movil,Ecuador,1,0
F,50,16.3,3,movil,Chile,2,0
F,64,12.99,2,desktop,Colombia,2,0
M,20,11.45,4,desktop,Colombia,0,1
M,42,13.31,2,movil,Argentina,0,1
M,54,11.23,3,movil,Peru,1,0
F,38,13.53,4,desktop,Chile,0,1
F,52,8.92,3,movil,Argentina,0,0
F,48,3.05,5,movil,Peru,1,0
M,55,15.34,5,movil,Colombia,0,1
F,52,3.56,3,desktop,Colombia,0,0
F,38,12.63,5,desktop,Colombia,0,1
M,64,14.31,7,desktop,Argentina,0,1
M,25,15.78,4,desktop,Colombia,0,1
F,69,14.6,2,movil,Colombia,2,0
F,23,15.27,3,movil,Ecuador,1,0
M,42,11.6,3,movil,Peru,0,1
M,42,13.97,4,desktop,Chile,0,1
M,53,11.64,5,tablet,Colombia,0,1
F,51,10.39,7,tablet,Argentina,1,1
M,18,15.45,3,desktop,Ecuador,0,1
M,37,18.4,2,movil,Ecuador,1,0
F,32,9.7,6,movil,Chile,0,1
M,30,10.27,7,movil,Argentina,0,1
F,23,10.93,1,desktop,Peru,0,1
F,46,10.84,4,movil,Argentina,0,1
F,50,10.64,4,movil,Peru,1,1
M,20,10.11,5,desktop,Ecuador,2,1
F,41,21.07,1,desktop,Ecuador,2,0
M,26,9.75,8,movil,Ecuador,0,1
M,46,6.6,7,desktop,Ecuador,0,1
M,34,5.39,7,tablet,Argentina,0,1
M,24,12.95,3,movil,Peru,0,1
F,20,7.19,7,movil,Ecuador,1,0
M,43,12.48,4,desktop,Colombia,0,1
M,43,15.73,5,movil,Ecuador,1,1
M,35,20.3,2,desktop,Argentina,2,0
F,64,12.13,7,movil,Colombia,0,1
M,41,3.67,3,movil,Colombia,0,0
M,19,16.33,3,movil,Colombia,1,0
F,31,16.84,3,desktop,Peru,1,0
M,66,13.17,2,movil,Argentina,0,1
M,68,14.96,5,desktop,Peru,0,1
F,29,5.79,2,desktop,Colombia,1,0
F,57,7.27,3,movil,Colombia,0,0
F,28,14.33,3,movil,Argentina,0,1
F,51,10.39,3,movil,Ecuador,2,0
F,61,12.38,6,desktop,Colombia,1,1
M,68,5.96,8,movil,Chile,0,1
M,45,10.25,7,desktop,Ecuador,0,1
M,64,20.36,3,desktop,Colombia,1,0
F,36,8.82,4,movil,Ecuador,2,0
F,66,7.46,3,movil,Colombia,0,0
M,63,15.52,2,desktop,Ecuador,1,0
F,56,12.12,5,movil,Chile,0,1
F,43,18.77,8,desktop,Colombia,0,1
F,19,12.39,2,movil,Peru,2,0
F,30,8.54,5,desktop,Colombia,1,0
F,55,18.03,3,desktop,Peru,1,0
F,54,8.59,4,movil,Ecuador,1,0
F,64,14.04,4,movil,Argentina,0,1
F,24,11.58,4,desktop,Colombia,1,1
M,27,9.62,0,movil,Peru,0,0
F,45,7.18,4,desktop,Ecuador,0,1
F,43,13.01,6,movil,Peru,0,1
M,50,17.83,6,movil,Ecuador,1,1
M,60,11.61,7,desktop,Ecuador,2,1
M,44,12.68,2,movil,Peru,1,0
F,49,16.09,1,movil,Ecuador,0,1
M,23,9.46,5,movil,Chile,1,0
F,68,11.69,5,movil,Argentina,0,1
M,67,10.85,3,movil,Chile,0,1
M,30,21.88,4,desktop,Chile,0,1
F,32,7.15,12,tablet,Ecuador,0,1
F,45,7.42,5,movil,Ecuador,1,0
M,68,4.44,4,desktop,Peru,0,1
F,26,11.71,4,desktop,Argentina,0,1
F,57,14.9,5,desktop,Colombia,0,1
F,20,15.81,3,movil,Argentina,0,1
M,48,6.29,2,movil,Argentina,0,0
M,64,9.16,7,movil,Colombia,2,0
F,18,10.69,6,movil,Argentina,0,1
F,39,4.78,4,desktop,Argentina,1,0
M,23,11.0,4,desktop,Colombia,1,1
F,38,11.69,2,movil,Colombia,1,0
F,62,11.79,7,movil,Colombia,1,1
F,45,10.71,4,desktop,Colombia,1,1
F,30,10.43,5,movil,Argentina,0,1
M,40,17.7,6,movil,Peru,1,1
M,45,13.43,3,movil,Ecuador,0,1
M,66,12.98,5,desktop,Colombia,0,1
F,65,5.81,4,movil,Argentina,0,1
F,52,16.01,4,movil,Argentina,1,1
F,35,18.34,3,desktop,Colombia,0,1
M,47,10.01,3,movil,Colombia,1,0
M,53,23.18,5,desktop,Peru,0,1
M,36,10.26,8,movil,Peru,0,1
F,56,4.37,5,desktop,Argentina,0,1
F,56,10.69,4,tablet,Peru,0,1
M,18,12.98,5,desktop,Ecuador,0,1
M,65,9.24,2,desktop,Ecuador,2,0
M,26,18.36,1,movil,Peru,0,1
M,22,7.65,1,movil,Argentina,0,0
M,18,2.0,5,movil,Chile,3,0
F,44,15.7,11,movil,Colombia,0,1
M,33,9.55,1,movil,Argentina,1,0
F,61,21.88,7,movil,Chile,1,1
M,55,6.51,4,desktop,Colombia,0,1
M,62,18.87,8,movil,Chile,1,1
M,67,7.71,4,movil,Ecuador,0,1
F,62,18.99,4,tablet,Argentina,2,1
F,25,8.71,1,movil,Ecuador,2,0
F,30,16.61,5,movil,Argentina,0,1
F,55,15.65,6,tablet,Chile,3,1
F,51,12.76,1,movil,Argentina,1,0
M,40,10.97,6,movil,Ecuador,2,1
F,34,18.23,3,movil,Peru,1,0
M,51,8.91,3,tablet,Chile,0,0
M,23,7.16,5,desktop,Chile,0,1
F,30,23.15,7,movil,Peru,1,1
M,69,7.1,4,desktop,Peru,1,0
F,46,9.06,7,desktop,Colombia,0,1
F,18,8.19,2,movil,Peru,1,0
F,42,16.37,4,movil,Argentina,3,1
F,69,2.93,2,movil,Ecuador,0,0
F,60,10.69,4,movil,Peru,1,1
F,44,8.38,3,movil,Chile,0,0
M,38,15.37,1,movil,Chile,0,1
F,28,9.45,7,tablet,Peru,0,1
F,46,10.03,5,movil,Argentina,0,1
F,32,15.23,2,movil,Argentina,1,0
M,22,14.29,2,desktop,Chile,1,0
F,59,9.78,4,desktop,Chile,0,1
F,33,9.6,4,movil,Peru,0,1
M,38,17.35,5,movil,Chile,0,1
M,30,23.44,2,movil,Ecuador,0,1
F,37,15.27,2,movil,Argentina,0,1
M,62,7.76,9,movil,Peru,0,1
F,30,13.24,4,desktop,Colombia,0,1
M,41,13.51,4,desktop,Peru,0,1
M,20,14.28,8,movil,Ecuador,1,1
F,63,12.42,6,movil,Peru,0,1
F,52,17.38,2,desktop,Argentina,1,0
M,59,12.64,4,movil,Ecuador,1,1
F,55,10.48,3,movil,Chile,1,0
M,62,12.72,4,movil,Peru,2,1
F,64,15.2,3,movil,Colombia,0,1
M,18,20.01,7,movil,Ecuador,0,1
F,19,9.01,5,movil,Chile,0,1
F,23,7.61,4,movil,Ecuador,0,1
M,54,7.54,3,desktop,Argentina,1,0
M,22,16.29,3,desktop,Peru,0,1
M,24,21.42,5,movil,Ecuador,0,1
M,69,9.52,2,desktop,Argentina,2,0
M,25,8.38,5,movil,Ecuador,0,1
M,27,8.81,3,desktop,Chile,1,0
F,27,7.16,2,desktop,Chile,0,0
F,24,3.2,3,desktop,Argentina,0,0
M,53,11.48,7,movil,Peru,0,1
M,54,10.88,6,movil,Chile,0,1
M,35,13.01,4,movil,Ecuador,0,1
M,24,5.88,3,movil,Chile,1,0
F,35,7.51,3,movil,Chile,1,0
F,57,15.56,8,movil,Colombia,1,1
M,32,14.23,6,desktop,Chile,1,1
F,50,19.67,9,movil,Chile,0,1
M,24,13.24,5,movil,Chile,1,1
F,38,14.09,2,desktop,Ecuador,0,1
F,62,11.96,0,desktop,Chile,0,1
M,37,8.82,4,desktop,Colombia,0,1
M,37,18.03,3,movil,Ecuador,0,1
F,62,15.58,4,desktop,Chile,1,1
F,18,7.89,3,desktop,Ecuador,0,0
M,20,18.63,1,movil,Argentina,0,1
M,65,18.21,5,movil,Chile,1,1
M,60,12.59,3,desktop,Ecuador,0,1
M,27,11.09,7,movil,Peru,0,1
M,38,9.69,5,desktop,Colombia,0,1
F,29,14.86,7,desktop,Ecuador,2,1
F,41,13.11,4,desktop,Peru,0,1
F,55,11.64,6,movil,Colombia,1,1
F,56,10.64,3,movil,Ecuador,1,0
F,52,13.98,7,tablet,Ecuador,2,1
F,53,9.35,1,movil,Chile,0,0
F,66,7.15,6,movil,Peru,0,1
M,18,11.36,5,tablet,Peru,0,1
F,22,13.97,2,movil,Peru,0,1
M,65,8.75,6,desktop,Ecuador,1,0
F,48,13.59,8,tablet,Peru,0,1
M,62,10.34,7,tablet,Colombia,0,1
F,35,2.63,4,desktop,Colombia,0,1
F,39,18.97,6,tablet,Colombia,2,1
M,29,15.2,6,tablet,Argentina,0,1
F,58,11.03,3,tablet,Colombia,0,1
F,37,14.29,3,desktop,Argentina,0,1
F,46,9.57,6,movil,Argentina,1,0
F,66,18.3,4,desktop,Argentina,1,1
F,32,2.1,5,desktop,Chile,0,1
M,66,18.74,3,movil,Ecuador,1,0
M,23,11.12,4,movil,Chile,0,1
M,26,4.98,7,desktop,Colombia,1,0
M,35,15.12,4,movil,Chile,1,1
F,20,15.77,7,movil,Chile,1,1
M,60,15.33,4,desktop,Peru,1,1
M,31,10.03,6,movil,Colombia,0,1
F,69,11.84,7,desktop,Ecuador,1,1
M,67,7.11,4,movil,Peru,1,0
M,20,13.37,2,movil,Colombia,1,0
M,25,21.31,5,desktop,Chile,1,1
F,18,15.2,3,desktop,Argentina,0,1
M,62,10.78,4,movil,Argentina,0,1
F,19,12.01,2,movil,Argentina,1,0
M,59,19.01,4,movil,Colombia,0,1
M,59,16.45,2,movil,Ecuador,1,0
F,47,8.59,5,movil,Argentina,0,1
F,53,13.03,4,movil,Argentina,0,1
F,29,19.17,3,movil,Argentina,1,0
F,36,12.19,2,desktop,Peru,0,1
F,49,3.16,3,movil,Ecuador,0,0
M,68,24.51,5,desktop,Colombia,0,1
F,29,9.56,4,movil,Argentina,1,0
F,29,17.99,4,desktop,Peru,0,1
F,25,5.12,7,movil,Peru,0,1
F,43,16.81,5,movil,Colombia,0,1
M,63,7.39,4,movil,Colombia,0,1
F,62,20.46,6,desktop,Argentina,0,1
F,55,9.96,4,movil,Argentina,1,0
F,68,3.06,7,movil,Argentina,1,0
M,33,21.96,4,tablet,Peru,0,1
F,65,15.83,1,movil,Colombia,0,1
M,67,9.33,7,movil,Ecuador,0,1
M,57,11.1,5,desktop,Chile,1,1
F,24,11.81,2,movil,Argentina,0,1
F,26,11.2,3,desktop,Ecuador,2,0
M,66,14.16,2,desktop,Ecuador,0,1
M,62,13.14,2,desktop,Ecuador,0,1
F,40,5.45,2,desktop,Chile,2,0
M,43,14.62,7,desktop,Peru,2,1
M,66,6.67,5,movil,Ecuador,0,1
F,48,8.49,5,movil,Colombia,0,1
M,23,6.94,6,movil,Argentina,0,1
M,20,17.19,4,movil,Argentina,0,1
M,37,12.77,4,desktop,Chile,0,1
F,52,7.65,6,movil,Peru,0,1
F,50,2.11,2,movil,Colombia,1,0
F,55,11.49,5,movil,Ecuador,0,1
M,47,18.67,6,tablet,Ecuador,0,1
F,26,5.89,5,movil,Ecuador,0,1
M,41,10.64,7,movil,Peru,0,1
F,66,19.18,6,desktop,Peru,0,1
F,66,10.14,5,movil,Argentina,0,1
F,20,4.94,5,movil,Chile,2,0
F,66,18.04,2,movil,Ecuador,0,1
F,58,5.47,8,movil,Peru,0,1
F,23,11.19,6,movil,Ecuador,1,1
M,66,13.54,4,movil,Ecuador,2,1
F,65,11.58,5,desktop,Ecuador,0,1
F,41,15.71,6,desktop,Colombia,0,1
M,57,6.77,3,tablet,Peru,1,0
F,66,5.31,4,desktop,Chile,0,1
M,56,11.69,7,desktop,Peru,1,1
F,64,11.09,6,movil,Ecuador,0,1
F,32,11.22,1,movil,Ecuador,0,1
F,32,15.43,3,tablet,Peru,0,1
F,62,14.14,3,movil,Argentina,0,1
M,20,4.48,0,movil,Argentina,1,0
M,49,2.0,5,movil,Ecuador,0,1
F,60,19.44,4,movil,Chile,0,1
M,29,9.78,3,movil,Peru,1,0
M,58,17.81,7,tablet,Peru,0,1
M,64,11.49,4,movil,Argentina,2,1
M,68,13.59,3,desktop,Chile,0,1
M,54,8.42,4,desktop,Colombia,1,0
F,35,7.85,4,movil,Colombia,0,1
F,21,14.71,5,movil,Ecuador,1,1
M,35,8.0,5,movil,Colombia,0,1
M,47,14.07,2,movil,Ecuador,0,1
M,65,12.86,7,movil,Peru,2,1
M,65,17.32,1,movil,Argentina,0,1
M,68,17.13,5,movil,Ecuador,1,1
F,55,13.55,3,movil,Chile,1,0
M,51,8.4,2,movil,Colombia,1,0
M,33,7.32,2,movil,Peru,0,0
M,56,10.38,7,movil,Ecuador,0,1
F,27,21.47,10,tablet,Colombia,0,1
F,41,19.31,4,movil,Colombia,1,1
M,67,10.38,2,movil,Chile,1,0
M,31,20.02,6,movil,Colombia,1,1
M,24,11.39,7,movil,Argentina,0,1
M,53,3.66,7,movil,Chile,1,0
F,69,13.42,6,movil,Chile,3,1
M,61,12.63,5,desktop,Chile,1,1
M,49,15.5,2,movil,Chile,0,1
M,68,16.16,8,tablet,Argentina,1,1
M,41,15.97,3,movil,Colombia,1,0
F,34,19.68,4,movil,Chile,0,1
M,33,8.42,6,movil,Peru,0,1
M,40,11.88,2,desktop,Ecuador,0,1
M,59,14.4,4,tablet,Peru,0,1
M,21,24.54,3,movil,Colombia,0,1
M,40,12.09,5,movil,Peru,2,1
M,63,14.1,6,desktop,Chile,0,1
M,38,8.11,5,movil,Ecuador,0,1
F,35,9.72,2,movil,Chile,1,0
M,51,16.27,5,movil,Ecuador,1,1
M,34,23.9,2,desktop,Argentina,0,1
F,18,15.28,1,movil,Argentina,1,0
M,50,16.43,3,movil,Argentina,0,1
M,19,16.17,4,desktop,Ecuador,1,1
M,67,17.17,10,movil,Ecuador,0,1
M,20,14.67,2,movil,Colombia,1,0
M,22,14.11,3,movil,Argentina,0,1
M,40,10.66,2,movil,Peru,0,1
F,32,11.22,4,movil,Argentina,0,1
F,43,19.34,2,desktop,Chile,0,1
M,43,13.02,6,movil,Colombia,0,1
F,52,12.19,5,tablet,Chile,1,1
M,60,14.2,5,movil,Peru,1,1
M,38,14.64,5,movil,Chile,1,1
M,56,13.04,6,desktop,Chile,0,1
F,49,14.65,6,movil,Peru,2,1
M,42,7.42,4,movil,Ecuador,2,0
F,51,12.58,4,desktop,Chile,0,1
M,52,8.75,4,movil,Chile,1,0
F,59,7.19,8,movil,Peru,1,0
M,41,14.08,4,movil,Colombia,1,1
M,60,9.99,4,movil,Ecuador,0,1
F,55,8.19,2,movil,Ecuador,0,0
M,62,12.31,2,movil,Argentina,0,1
M,48,13.31,3,movil,Argentina,0,1
M,24,11.72,1,movil,Ecuador,0,1
F,19,2.0,3,movil,Chile,0,0
M,34,5.79,4,movil,Peru,0,1
F,66,12.43,2,movil,Chile,1,0
M,36,7.1,4,movil,Argentina,2,0
F,22,14.05,2,desktop,Peru,0,1
F,36,18.71,9,movil,Chile,1,1
M,25,18.05,4,movil,Chile,0,1
M,25,11.08,5,movil,Peru,0,1
M,26,9.75,2,desktop,Chile,1,0
M,55,10.35,1,movil,Argentina,1,0
M,49,18.04,6,movil,Chile,0,1
F,50,12.26,4,desktop,Colombia,2,1
F,41,11.73,2,movil,Peru,0,1
F,69,9.13,4,movil,Ecuador,0,1
F,18,8.21,7,movil,Peru,0,1
F,35,14.04,2,movil,Colombia,0,1
M,18,12.45,6,movil,Ecuador,1,1
F,29,15.79,2,movil,Ecuador,1,0
F,44,14.36,2,movil,Chile,2,0
M,65,20.91,3,desktop,Peru,0,1
F,59,6.07,2,movil,Colombia,0,0
F,47,6.72,1,movil,Chile,1,0
F,20,9.58,1,tablet,Colombia,0,0
M,31,7.39,3,movil,Ecuador,0,0
F,52,12.15,5,movil,Peru,0,1
M,43,8.79,3,movil,Ecuador,0,0
M,40,10.31,7,desktop,Colombia,0,1
M,49,9.21,4,movil,Argentina,1,0
M,58,2.0,5,movil,Ecuador,0,1
M,68,13.89,4,desktop,Colombia,0,1
F,45,16.35,3,movil,Chile,1,0
M,54,4.58,4,desktop,Ecuador,2,0
M,42,11.64,7,movil,Ecuador,0,1
M,35,9.63,2,movil,Colombia,0,0
F,34,12.43,4,movil,Chile,1,1
F,28,5.37,3,movil,Peru,1,0
F,29,12.54,2,movil,Ecuador,0,1
M,61,7.62,1,movil,Peru,0,0
M,47,14.02,2,movil,Argentina,1,0
M,29,7.35,2,movil,Ecuador,1,0
F,23,20.04,6,desktop,Argentina,1,1
M,68,13.55,4,movil,Chile,0,1
F,22,7.0,6,desktop,Argentina,1,0
M,28,8.29,6,movil,Ecuador,0,1
F,53,18.75,6,desktop,Peru,0,1
M,48,9.45,2,movil,Ecuador,0,0
M,63,18.12,3,tablet,Chile,1,0
M,48,6.75,4,desktop,Peru,0,1
M,49,17.17,6,desktop,Ecuador,0,1
F,45,10.23,9,desktop,Colombia,0,1
F,31,13.8,4,movil,Chile,1,1
F,28,21.17,5,movil,Colombia,0,1
M,32,9.17,2,movil,Colombia,1,0
F,25,18.83,4,tablet,Colombia,1,1
M,54,11.2,5,desktop,Ecuador,0,1
F,22,10.28,6,movil,Colombia,0,1
M,59,13.95,6,movil,Argentina,0,1
M,24,23.47,4,tablet,Argentina,2,1
M,68,16.19,1,movil,Argentina,0,1
M,20,18.96,9,movil,Colombia,0,1
M,69,11.08,5,desktop,Ecuador,0,1
F,57,25.56,1,movil,Colombia,0,1
F,47,11.14,4,movil,Chile,0,1
F,67,6.44,6,movil,Peru,0,1
M,37,12.75,3,desktop,Peru,1,0
M,34,18.51,7,desktop,Colombia,1,1
F,48,14.7,5,desktop,Ecuador,0,1
F,61,8.52,7,movil,Colombia,1,0
M,54,16.0,4,desktop,Chile,0,1
M,44,9.6,1,desktop,Argentina,2,0
M,63,13.21,4,movil,Argentina,1,1
F,67,9.75,5,desktop,Peru,1,0
M,23,11.73,4,movil,Peru,0,1
F,58,15.83,3,desktop,Colombia,0,1
F,29,8.83,6,desktop,Peru,1,0
M,30,7.84,7,movil,Colombia,0,1
M,26,2.95,3,desktop,Peru,0,0
M,56,14.2,6,movil,Colombia,0,1
M,59,15.72,4,movil,Ecuador,2,1
F,25,7.55,6,movil,Colombia,0,1
M,24,12.91,7,tablet,Colombia,1,1
M,20,14.85,2,desktop,Colombia,2,0
F,46,14.32,6,movil,Colombia,0,1
F,63,10.59,7,tablet,Peru,1,1
M,47,12.81,4,tablet,Chile,1,1
F,35,11.26,7,desktop,Chile,0,1
M,26,6.96,4,desktop,Argentina,0,1
M,69,8.87,3,desktop,Colombia,1,0
M,68,13.91,5,desktop,Peru,0,1
M,43,13.27,5,desktop,Chile,0,1
M,51,11.25,4,desktop,Chile,0,1
M,42,9.99,6,movil,Ecuador,0,1
F,66,14.15,2,movil,Peru,0,1
M,69,15.37,5,desktop,Argentina,2,1
F,39,10.95,2,tablet,Argentina,0,1
F,25,14.26,6,movil,Ecuador,0,1
M,27,8.77,2,desktop,Argentina,2,0
M,24,14.04,8,tablet,Ecuador,0,1
F,61,14.41,5,movil,Peru,1,1
F,44,9.81,2,movil,Chile,2,0
M,29,16.95,2,desktop,Chile,0,1
M,53,14.73,3,desktop,Chile,0,1
M,32,4.02,3,movil,Chile,0,0
M,18,28.66,6,tablet,Colombia,0,1
M,34,15.26,5,tablet,Chile,0,1
M,19,18.89,5,movil,Chile,0,1
F,23,18.73,5,movil,Chile,1,1
F,66,4.94,5,desktop,Colombia,1,0
M,40,14.62,5,movil,Argentina,0,1
M,27,7.16,6,desktop,Chile,1,0
F,65,19.06,3,desktop,Peru,0,1
M,29,12.01,5,movil,Ecuador,1,1
F,49,12.19,6,desktop,Chile,2,1
F,57,9.0,3,movil,Colombia,0,0
F,40,16.8,4,movil,Peru,0,1
M,32,16.35,4,movil,Chile,0,1
F,46,10.2,3,movil,Peru,1,0
M,26,7.26,6,movil,Colombia,1,0
M,27,9.89,6,movil,Peru,0,1
F,54,16.04,4,movil,Ecuador,0,1
F,38,16.64,2,tablet,Argentina,2,0
F,58,13.87,5,movil,Argentina,1,1
M,48,18.29,3,movil,Peru,0,1
F,41,11.7,10,movil,Colombia,1,1
F,42,10.15,3,movil,Colombia,0,1
M,56,3.99,1,movil,Ecuador,0,0
F,26,10.98,2,desktop,Chile,1,0
F,58,18.61,6,desktop,Colombia,1,1
F,42,11.55,12,movil,Colombia,0,1
F,67,9.1,2,movil,Colombia,1,0
M,50,7.41,2,movil,Ecuador,0,0
M,45,21.77,8,tablet,Chile,0,1
F,67,19.06,7,movil,Peru,3,1
M,57,12.67,3,tablet,Peru,0,1
M,67,17.22,6,movil,Colombia,0,1
F,38,14.04,4,desktop,Colombia,1,1
M,67,18.54,4,desktop,Colombia,0,1
M,23,13.95,4,movil,Ecuador,1,1
M,32,16.03,4,movil,Colombia,0,1
F,45,18.66,6,movil,Colombia,0,1
F,34,14.77,3,movil,Ecuador,0,1
F,32,8.97,0,movil,Argentina,0,0
M,47,12.78,4,desktop,Peru,1,1
F,58,27.04,4,movil,Ecuador,1,1
M,35,18.06,5,movil,Ecuador,0,1
M,41,10.5,5,movil,Colombia,0,1
M,64,10.08,4,movil,Peru,0,1
M,38,17.45,1,movil,Ecuador,0,1
M,34,2.98,1,desktop,Peru,1,0
M,41,9.69,6,movil,Ecuador,0,1
F,57,15.6,1,movil,Peru,1,0
M,31,11.23,3,desktop,Chile,0,1
F,45,16.67,4,desktop,Peru,0,1
F,49,17.24,1,movil,Ecuador,0,1
F,62,11.89,1,movil,Chile,0,1
M,55,13.87,5,movil,Colombia,0,1
M,21,5.77,4,tablet,Ecuador,0,1
M,27,17.37,2,movil,Ecuador,0,1
M,54,6.94,3,movil,Ecuador,1,0
M,57,4.97,4,desktop,Peru,1,0
M,54,6.7,4,movil,Peru,0,1
M,49,2.0,4,desktop,Chile,0,1
M,26,4.78,6,movil,Colombia,1,0
F,35,10.3,4,movil,Argentina,1,1
F,62,5.3,3,desktop,Ecuador,1,0
M,49,21.89,5,desktop,Ecuador,1,1
F,28,19.44,2,desktop,Argentina,0,1
M,61,18.04,3,movil,Argentina,0,1
F,26,14.13,3,movil,Colombia,0,1
M,67,7.75,4,desktop,Argentina,0,1
M,46,23.52,3,movil,Colombia,1,0
M,45,13.73,5,movil,Colombia,1,1
F,37,3.42,4,tablet,Chile,0,1
F,34,13.36,5,movil,Peru,1,1
M,60,11.5,3,movil,Chile,0,1
M,31,11.29,1,movil,Colombia,0,1
M,46,10.76,2,movil,Colombia,0,1
M,51,6.69,4,movil,Ecuador,1,0
F,42,15.01,3,desktop,Argentina,2,0
F,64,20.5,6,movil,Ecuador,0,1
M,32,2.0,3,tablet,Ecuador,1,0
F,24,19.56,2,desktop,Colombia,0,1
F,34,16.81,5,movil,Ecuador,0,1
F,65,16.42,4,movil,Chile,1,1
F,18,19.96,6,movil,Ecuador,0,1
M,27,13.11,1,desktop,Chile,0,1
F,34,17.77,4,movil,Argentina,0,1
M,40,8.98,0,desktop,Peru,0,0
F,27,11.97,4,movil,Peru,0,1
M,26,10.45,4,movil,Chile,1,1
F,20,13.34,2,tablet,Chile,0,1
F,57,11.47,3,movil,Ecuador,0,1
F,25,9.55,2,movil,Peru,0,0
M,21,19.91,1,movil,Ecuador,1,0
M,65,8.63,5,movil,Chile,1,0
M,21,9.55,5,tablet,Ecuador,1,0
F,60,18.17,2,movil,Peru,0,1
M,62,11.74,4,movil,Ecuador,1,1
M,68,13.38,2,movil,Argentina,0,1
M,44,19.36,7,desktop,Colombia,0,1
F,60,12.98,4,movil,Ecuador,0,1
F,56,21.54,3,tablet,Chile,0,1
F,64,16.63,6,desktop,Chile,0,1
F,40,17.43,3,desktop,Ecuador,0,1
M,67,17.79,2,movil,Peru,0,1
M,47,10.57,2,desktop,Colombia,1,0
F,68,3.98,7,desktop,Ecuador,1,0
F,24,12.53,7,movil,Chile,3,1
M,27,9.77,4,movil,Chile,0,1
M,57,14.89,8,tablet,Colombia,1,1
M,54,7.09,8,movil,Argentina,0,1
M,33,9.61,2,movil,Colombia,0,0
F,27,19.76,3,movil,Colombia,0,1
F,69,17.96,1,movil,Argentina,4,0
F,38,19.2,4,tablet,Argentina,2,1
M,34,6.95,4,desktop,Argentina,1,0
M,34,10.07,7,movil,Colombia,0,1
F,59,4.41,2,movil,Chile,0,0
F,58,21.89,2,desktop,Ecuador,1,0
F,50,5.41,5,movil,Argentina,0,1
M,40,8.62,5,movil,Argentina,2,0
M,57,16.56,3,movil,Peru,1,0
M,22,20.5,6,desktop,Peru,0,1
F,55,2.0,2,movil,Colombia,0,0
M,60,19.8,3,desktop,Peru,1,0
F,27,13.71,8,desktop,Peru,0,1
F,22,10.69,4,movil,Chile,0,1
M,54,9.35,2,movil,Argentina,0,0
F,63,2.57,3,movil,Argentina,0,0
F,62,17.62,4,movil,Peru,0,1
M,50,12.06,3,desktop,Argentina,1,0
F,59,15.4,5,movil,Peru,0,1
M,52,5.72,2,desktop,Chile,0,0
F,59,9.57,3,desktop,Ecuador,0,0
F,47,8.09,5,desktop,Peru,1,0
F,61,17.26,4,movil,Peru,1,1
F,64,7.75,7,tablet,Ecuador,1,0
F,41,20.48,2,movil,Argentina,1,0
F,38,5.53,4,movil,Ecuador,2,0
M,51,15.27,2,movil,Peru,0,1
M,36,13.33,0,movil,Colombia,1,0
F,24,12.52,4,movil,Ecuador,0,1
M,64,13.62,1,tablet,Ecuador,2,0
F,32,7.72,5,movil,Chile,1,0
F,48,19.97,2,movil,Peru,0,1
F,31,3.86,4,desktop,Ecuador,0,1
F,53,14.45,5,tablet,Chile,2,1
M,39,18.36,4,movil,Argentina,1,1
M,27,12.58,6,desktop,Peru,1,1
F,28,9.8,3,movil,Peru,1,0
M,28,19.45,5,desktop,Peru,1,1
M,27,7.22,4,movil,Peru,0,1
M,26,16.52,2,movil,Chile,1,0
M,36,4.8,3,movil,Chile,1,0
M,64,15.0,2,desktop,Ecuador,0,1
M,44,10.07,4,movil,Peru,1,1
M,47,8.81,3,tablet,Argentina,1,0
M,19,5.39,3,movil,Chile,1,0
F,33,10.94,7,movil,Chile,0,1
F,42,15.1,2,desktop,Chile,1,0
F,24,16.48,2,movil,Chile,1,0
F,57,18.53,0,desktop,Chile,0,1
F,24,6.92,1,desktop,Chile,2,0
F,24,18.23,3,movil,Argentina,1,0
F,41,16.71,2,movil,Colombia,0,1
M,37,17.13,2,movil,Argentina,0,1
M,45,12.69,5,movil,Ecuador,0,1
F,44,10.56,4,movil,Colombia,0,1
F,35,21.28,2,movil,Argentina,0,1
F,52,12.62,1,movil,Argentina,2,0
F,50,2.0,5,desktop,Colombia,0,1
M,62,13.68,4,desktop,Chile,0,1
M,58,16.97,2,movil,Peru,0,1
M,47,2.0,5,movil,Argentina,0,1
F,32,26.77,1,tablet,Ecuador,0,1
M,54,3.0,2,movil,Peru,0,0
M,60,11.7,4,movil,Argentina,1,1
M,49,11.89,4,movil,Ecuador,1,1
M,31,14.65,7,desktop,Peru,0,1
F,46,8.37,3,movil,Peru,0,0
M,46,13.56,3,desktop,Peru,0,1
M,45,7.17,3,movil,Colombia,1,0
M,38,11.57,8,desktop,Ecuador,0,1
F,60,11.93,2,desktop,Chile,0,1
F,63,11.23,8,movil,Argentina,1,1
F,53,18.73,4,movil,Argentina,1,1
F,38,13.31,4,movil,Argentina,0,1
M,65,20.86,6,movil,Ecuador,0,1
M,19,11.5,4,tablet,Peru,1,1
M,67,12.66,2,desktop,Peru,0,1
M,45,15.66,8,movil,Ecuador,1,1
F,35,5.15,5,movil,Colombia,0,1
M,65,10.15,6,movil,Peru,0,1
M,46,13.07,4,desktop,Chile,1,1
M,29,13.14,4,desktop,Peru,1,1
F,38,11.59,6,movil,Chile,0,1
M,45,15.79,5,movil,Colombia,0,1
M,46,7.79,4,tablet,Chile,0,1
F,45,8.15,2,movil,Colombia,0,0
M,30,18.0,2,tablet,Argentina,3,0
M,42,11.72,2,desktop,Colombia,2,0
F,28,8.33,5,desktop,Argentina,2,0
M,64,16.29,7,desktop,Colombia,3,1
F,29,5.57,3,desktop,Chile,1,0
M,62,11.01,5,movil,Peru,0,1
F,25,11.67,4,desktop,Colombia,0,1
F,52,12.97,2,desktop,Peru,4,0
M,52,12.33,6,desktop,Colombia,0,1
F,58,22.04,1,desktop,Ecuador,0,1
F,25,6.38,5,desktop,Peru,0,1
M,67,7.48,5,desktop,Chile,0,1
F,68,12.85,4,desktop,Chile,2,1
M,37,4.94,5,movil,Argentina,1,0
M,24,16.78,8,tablet,Chile,0,1
F,35,19.98,8,desktop,Chile,0,1
M,64,16.1,3,desktop,Peru,2,0
M,59,12.22,3,desktop,Colombia,1,0
F,39,16.93,5,movil,Colombia,1,1
F,51,11.52,3,movil,Ecuador,0,1
F,60,5.75,6,movil,Argentina,1,0
F,64,13.46,4,movil,Chile,0,1
M,62,7.99,5,movil,Chile,0,1
F,52,11.48,3,movil,Colombia,1,0
F,62,8.11,2,movil,Colombia,2,0
M,66,10.01,3,tablet,Chile,0,1
M,38,10.15,5,desktop,Colombia,0,1
F,59,20.96,7,movil,Chile,1,1
M,34,18.94,6,movil,Ecuador,1,1
M,34,9.92,3,desktop,Chile,0,0
M,34,18.23,1,movil,Ecuador,0,1
F,68,6.29,3,movil,Ecuador,0,0
M,28,10.34,6,tablet,Ecuador,0,1
M,53,2.0,7,movil,Colombia,1,0
M,31,6.04,7,desktop,Argentina,1,0
M,52,2.0,2,desktop,Colombia,0,0
F,38,21.71,2,desktop,Colombia,0,1
F,60,18.06,2,tablet,Chile,2,0
M,39,6.97,3,movil,Chile,0,0
M,60,15.25,4,desktop,Ecuador,2,1
F,52,18.64,3,movil,Peru,0,1
M,20,20.03,6,movil,Peru,1,1
M,33,13.72,4,movil,Ecuador,1,1
M,49,14.2,3,movil,Colombia,1,0
M,39,7.85,5,desktop,Argentina,0,1
F,63,11.84,1,movil,Argentina,0,1
M,40,15.69,4,desktop,Colombia,0,1
F,57,9.6,3,tablet,Colombia,0,0
M,55,14.64,2,desktop,Chile,1,0
M,59,4.22,5,desktop,Ecuador,0,1
M,23,8.43,4,movil,Colombia,0,1
M,51,16.95,6,movil,Argentina,0,1
M,47,7.22,1,movil,Colombia,0,0
F,38,17.59,2,movil,Ecuador,2,0
M,65,14.08,6,movil,Ecuador,0,1
F,66,10.25,1,desktop,Peru,1,0
M,40,8.3,2,desktop,Colombia,0,0
M,19,10.41,2,desktop,Argentina,0,1
M,24,14.75,1,movil,Peru,0,1
F,36,27.87,3,movil,Ecuador,0,1
F,39,5.54,6,movil,Argentina,0,1
M,68,15.44,4,movil,Argentina,0,1
F,20,9.35,3,movil,Ecuador,0,0
F,59,24.28,2,movil,Colombia,1,0
M,39,12.66,5,movil,Ecuador,1,1
F,66,24.37,5,desktop,Ecuador,1,1
M,45,13.89,2,movil,Colombia,0,1
M,54,17.16,0,desktop,Colombia,0,1
F,35,6.18,4,movil,Chile,0,1
M,55,17.45,3,movil,Ecuador,0,1
F,34,7.66,9,movil,Argentina,0,1
F,20,22.36,3,tablet,Peru,0,1
F,46,20.39,5,movil,Peru,0,1
M,65,15.76,4,movil,Ecuador,0,1
M,44,8.34,3,movil,Argentina,1,0
F,64,14.05,5,movil,Chile,2,1
F,62,12.8,3,movil,Chile,1,0
M,21,12.37,2,desktop,Colombia,0,1
F,56,2.0,4,movil,Ecuador,1,0
M,29,10.51,3,movil,Peru,1,0
F,37,13.08,7,movil,Argentina,0,1
M,35,21.2,0,movil,Ecuador,0,1
M,35,13.91,4,movil,Chile,0,1
F,66,7.86,6,movil,Colombia,0,1
F,34,14.82,3,movil,Ecuador,1,0
F,48,7.36,3,movil,Argentina,2,0
M,28,9.01,4,desktop,Colombia,0,1
F,28,25.66,4,desktop,Peru,0,1
M,43,15.47,3,movil,Argentina,0,1
F,47,3.07,2,tablet,Ecuador,1,0
M,42,10.48,5,movil,Ecuador,0,1
F,33,12.85,7,tablet,Peru,1,1
F,29,16.0,1,desktop,Chile,0,1
F,66,10.49,3,movil,Colombia,0,1
M,30,5.23,5,desktop,Chile,3,0
F,67,3.65,5,movil,Colombia,0,1
M,39,11.19,3,movil,Peru,1,0
M,64,12.06,4,movil,Peru,0,1
M,32,15.45,3,movil,Colombia,0,1
F,24,11.6,3,movil,Chile,0,1
M,65,3.96,6,movil,Argentina,0,1
F,54,13.23,3,desktop,Colombia,0,1
F,18,5.69,4,desktop,Argentina,0,1
M,31,12.92,2,desktop,Peru,0,1
F,35,11.7,1,desktop,Ecuador,0,1
M,42,18.41,5,movil,Peru,0,1
F,34,9.75,5,movil,Ecuador,2,0
F,65,16.38,7,desktop,Argentina,0,1
F,23,9.87,5,movil,Chile,0,1
M,43,20.0,2,movil,Colombia,0,1
M,26,18.58,4,desktop,Argentina,0,1
M,62,8.47,4,movil,Colombia,0,1
M,24,16.96,2,movil,Chile,0,1
F,43,18.84,6,movil,Argentina,0,1
M,40,14.87,3,movil,Chile,0,1
F,47,10.81,5,movil,Ecuador,1,1
F,62,11.49,4,tablet,Ecuador,2,1
M,23,7.49,2,movil,Ecuador,0,0
M,40,12.99,8,desktop,Chile,0,1
F,53,16.72,5,movil,Ecuador,1,1
F,54,8.48,1,movil,Colombia,0,0
M,18,15.77,8,movil,Peru,1,1
F,69,14.94,5,desktop,Argentina,0,1
F,46,11.56,5,movil,Peru,1,1
F,38,15.89,1,tablet,Argentina,0,1
M,54,13.56,2,movil,Colombia,0,1
F,33,14.73,5,movil,Chile,3,1
M,19,19.21,2,movil,Ecuador,1,0
M,20,19.24,2,movil,Colombia,0,1
M,25,20.09,6,movil,Argentina,1,1
M,58,14.55,5,tablet,Ecuador,0,1
F,31,7.82,4,desktop,Chile,5,0
F,33,11.87,3,movil,Chile,1,0
M,59,8.42,3,movil,Colombia,2,0
F,49,12.26,3,movil,Colombia,2,0
M,37,12.42,6,movil,Peru,0,1
M,65,13.01,6,desktop,Chile,0,1
F,58,22.72,4,movil,Peru,0,1
F,37,14.77,5,movil,Chile,0,1
F,55,2.0,4,desktop,Peru,1,0
M,54,16.06,4,movil,Colombia,1,1
M,67,8.45,3,movil,Argentina,1,0
M,45,9.43,5,movil,Argentina,1,0
F,18,12.48,4,movil,Chile,1,1
M,22,15.98,7,movil,Ecuador,1,1
F,20,12.86,6,movil,Ecuador,1,1
F,66,8.9,5,desktop,Colombia,0,1
M,33,19.11,6,desktop,Chile,0,1
F,24,12.01,6,desktop,Argentina,0,1
M,18,14.62,8,movil,Argentina,0,1
M,69,6.15,6,tablet,Ecuador,1,0
F,26,14.58,1,movil,Chile,0,1
F,25,4.16,5,movil,Ecuador,0,1
M,31,10.37,3,movil,Ecuador,0,1
M,35,14.58,3,movil,Peru,1,0
F,22,11.7,3,movil,Colombia,1,0
F,23,17.45,12,movil,Chile,0,1
F,65,15.17,0,movil,Ecuador,0,1
M,32,15.58,7,desktop,Peru,0,1
M,47,7.72,3,movil,Ecuador,0,0
M,29,10.33,4,movil,Peru,0,1
M,62,11.43,1,movil,Colombia,0,1
M,30,5.75,2,tablet,Argentina,1,0
F,45,13.11,5,tablet,Chile,0,1
F,34,10.58,2,movil,Ecuador,4,0
M,20,8.29,2,desktop,Colombia,0,0
M,21,16.41,4,movil,Argentina,1,1
M,54,16.57,5,desktop,Chile,1,1
M,26,15.67,6,desktop,Peru,1,1
M,54,17.89,7,movil,Chile,0,1
M,69,11.75,6,desktop,Peru,0,1
M,36,13.8,3,movil,Peru,0,1
F,55,4.31,3,movil,Colombia,0,0
F,43,8.1,3,movil,Ecuador,1,0
M,59,14.79,2,desktop,Argentina,1,0
F,28,16.14,4,desktop,Ecuador,0,1
M,48,14.1,3,movil,Ecuador,0,1
M,52,18.29,8,desktop,Colombia,1,1
M,24,13.75,2,movil,Colombia,1,0
F,46,2.93,5,movil,Argentina,0,1
F,52,10.7,5,movil,Peru,0,1
M,50,14.96,5,movil,Peru,1,1
M,43,18.54,1,movil,Chile,2,0
M,37,13.12,6,desktop,Ecuador,0,1
M,64,6.63,5,movil,Peru,0,1
F,69,11.97,2,desktop,Colombia,0,1
M,59,9.67,2,movil,Ecuador,1,0
F,63,14.53,1,desktop,Chile,1,0
F,24,3.48,9,movil,Argentina,0,1
M,37,7.19,1,movil,Colombia,0,0
M,52,7.86,5,tablet,Argentina,0,1
F,69,14.73,6,movil,Colombia,1,1
F,50,23.77,3,desktop,Chile,0,1
M,62,8.02,5,movil,Ecuador,0,1
M,46,15.06,6,movil,Ecuador,0,1
F,27,12.97,4,desktop,Chile,1,1
F,42,19.47,5,movil,Colombia,0,1
M,38,8.58,7,desktop,Chile,1,0
M,29,14.3,5,desktop,Colombia,0,1
M,54,9.66,6,tablet,Chile,0,1
M,27,7.77,5,movil,Argentina,1,0
M,39,10.58,5,desktop,Ecuador,0,1
M,60,13.01,7,movil,Chile,1,1
F,51,7.54,3,movil,Ecuador,1,0
M,58,6.89,3,tablet,Colombia,1,0
M,31,15.39,7,desktop,Chile,0,1
F,33,9.2,3,desktop,Argentina,0,0
M,42,20.26,2,desktop,Chile,0,1
F,45,12.39,2,movil,Chile,1,0
F,40,10.46,7,movil,Ecuador,0,1
M,56,4.93,4,movil,Argentina,0,1
M,20,8.97,5,movil,Chile,2,0
M,53,22.67,3,movil,Ecuador,0,1
F,18,11.88,5,desktop,Ecuador,0,1
M,34,11.64,8,movil,Ecuador,0,1
F,39,2.0,2,movil,Argentina,0,0
M,59,17.32,4,movil,Ecuador,0,1
F,52,15.98,5,desktop,Argentina,2,1
M,39,14.94,4,desktop,Peru,0,1
M,28,14.13,3,desktop,Colombia,0,1
M,31,20.05,0,desktop,Peru,0,1
M,37,7.71,4,movil,Chile,1,0
M,28,13.25,5,movil,Ecuador,0,1
M,51,12.76,2,movil,Argentina,1,0
F,51,19.97,4,desktop,Chile,1,1
M,61,13.99,2,desktop,Argentina,0,1
M,59,14.56,2,desktop,Ecuador,2,0
F,34,4.12,0,movil,Argentina,1,0
M,61,11.93,3,movil,Ecuador,0,1
F,36,6.48,4,movil,Ecuador,1,0
F,28,16.05,4,desktop,Chile,0,1
M,28,4.48,5,movil,Argentina,0,1
F,48,5.37,7,movil,Argentina,0,1
F,46,10.23,7,movil,Ecuador,0,1
M,25,10.71,2,movil,Argentina,1,0
F,37,13.8,3,desktop,Colombia,0,1
M,42,12.42,6,movil,Colombia,0,1
F,43,18.15,3,movil,Argentina,1,0
M,35,13.58,4,movil,Colombia,1,1
M,49,9.39,7,movil,Chile,0,1
M,46,11.65,3,movil,Peru,1,0
M,65,11.23,4,movil,Ecuador,1,1
F,60,22.76,6,movil,Argentina,2,1
F,43,13.04,1,movil,Colombia,0,1
M,67,6.95,5,movil,Argentina,0,1
F,52,17.28,4,desktop,Peru,0,1
F,46,8.43,7,movil,Colombia,0,1
F,56,17.54,4,desktop,Peru,1,1
M,49,3.41,6,desktop,Argentina,0,1
M,46,14.17,4,movil,Peru,0,1
F,65,23.74,1,movil,Colombia,0,1
F,68,11.01,3,movil,Chile,0,1
F,54,16.0,4,tablet,Chile,1,1
F,43,9.86,5,movil,Chile,0,1
F,25,13.72,3,movil,Colombia,0,1
F,29,18.12,3,tablet,Peru,0,1
M,37,9.34,5,movil,Ecuador,1,0
M,18,17.63,6,movil,Peru,0,1
M,20,5.53,2,tablet,Argentina,1,0
F,51,3.88,6,movil,Argentina,0,1
F,66,16.11,4,movil,Ecuador,0,1
F,31,17.23,7,movil,Argentina,1,1
M,38,11.97,3,movil,Colombia,0,1
M,45,15.32,5,movil,Chile,0,1
M,30,18.26,6,movil,Chile,2,1
F,50,21.19,1,movil,Ecuador,1,0
M,52,11.14,5,tablet,Colombia,1,1
M,69,10.99,2,movil,Chile,1,0
M,26,16.31,4,desktop,Ecuador,1,1
F,67,13.34,3,desktop,Peru,0,1
F,34,17.26,5,movil,Chile,0,1
F,31,7.66,3,movil,Colombia,0,0
F,52,17.15,4,movil,Ecuador,0,1
F,65,12.57,2,movil,Ecuador,1,0
M,45,15.11,1,movil,Argentina,0,1
F,20,11.9,7,movil,Chile,1,1
M,63,14.05,3,movil,Chile,1,0
F,18,11.66,3,movil,Argentina,2,0
M,31,19.34,7,movil,Argentina,0,1
F,29,2.0,5,desktop,Colombia,0,1
F,59,14.26,4,desktop,Argentina,1,1
M,58,15.96,6,movil,Chile,1,1
F,46,17.94,3,movil,Peru,1,0
M,54,13.46,4,movil,Ecuador,0,1
F,27,11.81,3,movil,Peru,0,1
M,43,17.84,3,movil,Ecuador,0,1
M,45,8.56,8,desktop,Colombia,0,1
F,67,5.03,3,desktop,Argentina,0,0
F,27,15.44,4,movil,Chile,0,1
M,64,9.36,1,movil,Argentina,0,0
M,51,16.36,4,movil,Chile,0,1
M,46,18.32,7,tablet,Ecuador,1,1
M,44,15.08,4,desktop,Peru,0,1
M,34,10.45,3,desktop,Peru,1,0
M,62,13.53,4,movil,Ecuador,1,1
F,51,2.4,6,movil,Peru,1,0
M,29,10.91,6,desktop,Colombia,0,1
M,55,11.78,4,movil,Chile,0,1
M,31,11.28,6,desktop,Colombia,0,1
F,61,13.51,5,movil,Ecuador,0,1
M,30,17.73,6,movil,Argentina,0,1
F,52,9.95,3,movil,Argentina,0,0
M,36,13.29,1,desktop,Ecuador,1,0
M,22,6.72,3,tablet,Peru,1,0
M,53,17.07,2,movil,Argentina,0,1
F,24,20.43,5,desktop,Chile,0,1
F,60,2.6,6,desktop,Argentina,0,1
M,44,8.55,4,movil,Colombia,0,1
M,52,10.63,4,movil,Argentina,1,1
M,51,19.71,5,movil,Chile,1,1
F,26,19.71,3,tablet,Argentina,1,0
M,53,11.5,4,movil,Argentina,0,1
M,37,23.71,7,movil,Colombia,0,1
M,60,11.5,5,movil,Chile,0,1
M,50,9.46,1,desktop,Chile,0,0
F,51,15.67,4,movil,Argentina,0,1
F,61,6.18,4,desktop,Argentina,1,0
F,29,13.01,5,movil,Argentina,1,1
M,51,15.55,2,movil,Chile,2,0
F,27,14.51,3,movil,Ecuador,0,1
M,64,8.2,5,tablet,Colombia,1,0
M,37,7.06,3,desktop,Peru,1,0
M,67,10.44,3,movil,Argentina,0,1
M,68,15.34,3,movil,Ecuador,1,0
F,64,5.69,5,movil,Peru,0,1
F,45,2.0,3,movil,Ecuador,2,0
F,47,11.98,7,desktop,Peru,1,1
M,28,10.26,2,movil,Peru,1,0
F,69,14.67,3,movil,Ecuador,0,1
F,36,12.96,2,desktop,Colombia,0,1
M,66,5.5,3,movil,Peru,2,0
M,53,11.92,2,movil,Ecuador,1,0
M,51,26.92,7,desktop,Peru,1,1
F,58,10.22,6,desktop,Ecuador,0,1
M,20,19.33,4,movil,Ecuador,2,1
M,20,8.38,1,movil,Peru,0,0
F,31,16.58,4,movil,Argentina,2,1
F,41,15.15,4,desktop,Ecuador,1,1
F,25,10.22,4,movil,Peru,2,1
M,64,9.3,2,desktop,Colombia,1,0
M,33,15.62,3,desktop,Peru,1,0
M,39,17.78,4,desktop,Colombia,0,1
F,37,16.08,2,movil,Chile,0,1
F,32,18.47,2,movil,Chile,0,1
F,46,10.23,2,desktop,Peru,1,0
F,55,11.11,4,desktop,Argentina,0,1
F,68,2.2,7,desktop,Peru,0,1
M,63,13.47,8,movil,Argentina,1,1
M,39,13.9,6,movil,Colombia,0,1
F,55,15.1,3,movil,Argentina,0,1
F,46,4.34,5,movil,Argentina,0,1
M,27,12.11,6,desktop,Peru,0,1
F,25,12.41,2,movil,Argentina,1,0
F,20,12.37,5,movil,Argentina,0,1
F,36,7.01,5,movil,Chile,1,0
F,21,11.19,0,tablet,Chile,0,1
M,43,6.5,1,desktop,Colombia,3,0
M,69,19.68,3,desktop,Ecuador,0,1
M,65,7.72,5,movil,Peru,1,0
M,22,17.32,2,movil,Ecuador,0,1
F,34,6.09,8,movil,Peru,0,1
M,56,16.56,5,desktop,Ecuador,1,1
F,46,7.91,3,movil,Argentina,0,0
F,45,10.9,3,movil,Colombia,1,0
F,56,17.78,6,movil,Colombia,0,1
F,48,16.45,5,tablet,Colombia,0,1
M,68,11.39,3,desktop,Peru,0,1
M,30,17.77,2,desktop,Chile,1,0
M,34,19.18,3,movil,Ecuador,0,1
F,48,18.11,5,desktop,Argentina,1,1
M,65,21.56,5,desktop,Chile,0,1
F,60,14.43,3,movil,Peru,0,1
F,22,11.44,4,desktop,Argentina,2,1
F,69,7.33,6,movil,Argentina,1,0
F,30,16.89,2,desktop,Colombia,1,0
F,18,12.94,3,desktop,Ecuador,0,1
F,44,14.29,5,tablet,Chile,0,1
F,24,12.44,2,desktop,Chile,0,1
F,39,9.02,7,movil,Peru,1,0
M,46,24.66,6,tablet,Chile,0,1
M,50,18.46,5,movil,Argentina,0,1
M,40,12.9,2,desktop,Ecuador,1,0
M,45,19.82,6,movil,Chile,1,1
F,36,4.38,3,desktop,Chile,2,0
M,68,17.29,3,desktop,Colombia,1,0
M,38,14.99,3,movil,Colombia,0,1
M,30,20.79,3,movil,Peru,0,1
F,33,4.92,1,movil,Ecuador,1,0
M,30,15.59,4,movil,Ecuador,0,1
F,56,9.59,7,tablet,Ecuador,0,1
F,42,8.65,0,movil,Argentina,0,0
F,48,16.73,8,movil,Ecuador,2,1
M,30,10.61,5,movil,Peru,0,1
M,19,13.77,3,movil,Ecuador,0,1
M,32,11.16,7,desktop,Argentina,0,1
M,44,13.77,7,movil,Chile,0,1
F,45,16.86,3,movil,Peru,0,1
F,55,23.49,9,tablet,Colombia,2,1
F,56,16.26,3,movil,Argentina,1,0
M,59,10.89,4,tablet,Ecuador,0,1
F,53,14.81,4,desktop,Chile,0,1
M,20,7.56,5,desktop,Peru,0,1
F,30,6.79,2,movil,Ecuador,1,0
M,33,11.1,4,desktop,Peru,1,1
F,24,8.01,5,desktop,Argentina,0,1
M,40,17.8,5,desktop,Ecuador,0,1
M,32,21.54,4,desktop,Argentina,0,1
M,34,16.71,8,desktop,Peru,0,1
F,67,11.81,3,movil,Peru,0,1
M,33,17.92,4,desktop,Argentina,0,1
M,53,22.35,2,desktop,Peru,0,1
F,30,6.32,1,desktop,Colombia,0,0
F,41,12.83,5,movil,Argentina,0,1
M,38,18.22,8,desktop,Argentina,1,1
F,26,15.66,4,movil,Colombia,0,1
F,26,22.19,6,tablet,Peru,0,1
M,24,15.68,2,movil,Chile,0,1
M,19,17.69,2,desktop,Chile,0,1
F,56,21.39,5,movil,Peru,1,1
F,37,13.3,2,movil,Colombia,3,0
M,35,14.05,3,desktop,Chile,0,1
M,56,14.94,2,movil,Colombia,0,1
M,31,5.88,6,movil,Ecuador,2,0
M,33,15.11,4,desktop,Chile,2,1
M,44,6.12,6,movil,Ecuador,0,1
M,50,15.07,2,movil,Argentina,0,1
F,22,14.27,4,desktop,Peru,0,1
F,47,8.26,3,movil,Argentina,1,0
M,64,18.91,7,movil,Peru,0,1
M,33,16.92,4,movil,Colombia,1,1
M,62,12.95,6,movil,Argentina,2,1
M,21,19.56,7,movil,Chile,0,1
M,43,9.07,4,movil,Ecuador,1,0
M,54,15.43,8,movil,Colombia,0,1
F,66,16.66,6,movil,Peru,0,1
F,67,16.88,5,desktop,Ecuador,0,1
M,32,9.5,1,movil,Peru,2,0
M,35,7.06,5,movil,Colombia,0,1
F,47,13.3,3,movil,Peru,1,0
F,31,7.71,2,desktop,Ecuador,0,0
F,60,9.21,7,movil,Ecuador,1,0
F,28,13.59,1,movil,Ecuador,0,1
F,53,9.94,5,desktop,Colombia,1,0
M,28,2.0,2,movil,Colombia,1,0
F,21,13.47,3,movil,Ecuador,0,1
F,50,11.83,4,desktop,Peru,0,1
F,57,4.85,0,movil,Chile,0,0
M,67,14.68,5,movil,Argentina,1,1
M,38,15.14,5,movil,Peru,0,1
M,39,8.75,3,movil,Ecuador,1,0
F,20,22.09,3,desktop,Colombia,0,1
F,21,14.45,4,movil,Peru,0,1
F,65,7.74,5,tablet,Colombia,0,1
M,51,14.08,3,movil,Peru,0,1
M,57,6.72,2,tablet,Ecuador,1,0
M,51,7.41,3,movil,Peru,0,0
F,55,11.14,3,tablet,Argentina,3,0
M,52,8.83,11,tablet,Chile,0,1
F,50,16.51,3,movil,Argentina,1,0
F,56,2.0,2,movil,Ecuador,2,0
M,44,14.5,2,movil,Argentina,0,1
M,38,9.35,3,tablet,Colombia,0,0
F,36,11.51,3,movil,Chile,1,0
F,29,18.29,3,movil,Ecuador,1,0
M,62,9.93,1,movil,Argentina,1,0
M,21,7.37,3,movil,Argentina,0,0
F,42,11.45,7,movil,Chile,1,1
F,38,12.95,4,movil,Peru,1,1
M,67,9.24,2,movil,Chile,0,0
M,20,7.83,6,desktop,Chile,1,0
M,25,5.96,3,movil,Colombia,0,0
F,62,13.89,3,tablet,Colombia,3,0
F,46,8.49,6,movil,Chile,1,0
M,56,16.84,2,tablet,Argentina,2,0
F,37,14.8,2,desktop,Colombia,1,0
M,37,8.52,6,movil,Peru,0,1
F,28,8.47,8,desktop,Colombia,1,0
F,53,6.12,7,movil,Chile,0,1
M,21,10.42,5,desktop,Colombia,2,1
M,49,17.03,2,desktop,Chile,0,1
M,58,6.67,5,movil,Peru,0,1
M,59,14.25,1,movil,Ecuador,2,0
M,55,22.06,5,desktop,Colombia,0,1
M,28,15.84,6,desktop,Ecuador,0,1
F,37,9.45,2,movil,Ecuador,0,0
F,63,13.51,2,desktop,Peru,1,0
F,61,12.35,3,tablet,Argentina,0,1
F,39,7.24,7,movil,Colombia,2,0
F,29,14.1,5,movil,Ecuador,2,1
F,21,13.37,0,desktop,Argentina,0,1
M,57,17.0,8,desktop,Peru,1,1
M,21,16.14,7,movil,Argentina,0,1
F,35,5.16,4,movil,Ecuador,2,0
F,40,12.96,4,movil,Colombia,0,1
M,19,7.36,2,movil,Colombia,1,0
F,64,19.9,0,movil,Ecuador,0,1
F,34,5.8,5,desktop,Chile,1,0
M,58,8.62,9,desktop,Colombia,2,0
F,44,9.27,6,movil,Peru,0,1
F,63,14.15,3,desktop,Ecuador,0,1
F,46,12.07,4,movil,Chile,0,1
M,19,5.81,7,movil,Ecuador,0,1
M,21,18.06,3,movil,Peru,0,1
M,30,6.81,4,movil,Argentina,0,1
F,64,6.08,1,movil,Ecuador,1,0
F,38,2.86,10,tablet,Argentina,2,0
M,41,12.96,0,movil,Colombia,0,1
F,41,11.78,10,movil,Ecuador,1,1
F,27,7.99,1,movil,Argentina,0,0
F,60,4.93,4,tablet,Peru,1,0
F,66,12.31,4,movil,Ecuador,1,1
M,44,4.65,3,movil,Peru,2,0
F,51,14.44,2,movil,Peru,0,1
F,56,17.94,4,tablet,Chile,2,1
M,64,9.55,5,desktop,Argentina,0,1
M,28,13.78,4,movil,Peru,0,1
M,27,16.76,8,tablet,Colombia,0,1
F,19,7.31,2,movil,Colombia,1,0
M,66,17.94,2,movil,Argentina,2,0
M,35,17.09,5,desktop,Ecuador,1,1
F,31,11.21,3,movil,Ecuador,0,1
M,26,21.81,2,desktop,Ecuador,1,0
F,36,3.44,3,movil,Argentina,0,0
M,56,13.02,5,desktop,Chile,0,1
M,41,17.28,1,movil,Argentina,1,0
M,26,17.68,2,tablet,Peru,0,1
M,43,8.31,5,movil,Peru,1,0
F,69,21.29,3,desktop,Ecuador,1,0
M,39,2.0,4,tablet,Ecuador,0,1
M,22,3.15,2,movil,Peru,0,0
F,44,12.84,4,desktop,Argentina,1,1
M,57,5.5,2,movil,Ecuador,0,0
F,33,15.9,4,tablet,Argentina,1,1
F,55,17.13,4,desktop,Colombia,0,1
M,32,3.95,4,desktop,Chile,0,1
M,51,15.03,7,movil,Peru,0,1
M,63,6.7,7,desktop,Peru,0,1
M,53,14.27,2,movil,Chile,1,0
F,39,2.0,2,movil,Ecuador,1,0
F,24,11.66,3,movil,Ecuador,0,1
M,40,6.01,6,movil,Chile,0,1
M,35,9.5,5,movil,Argentina,1,0
F,48,11.28,2,desktop,Chile,1,0
F,51,11.5,2,desktop,Chile,2,0
F,38,12.81,7,desktop,Colombia,0,1
F,24,7.85,2,desktop,Chile,1,0
M,59,8.21,1,desktop,Peru,1,0
F,58,16.5,3,desktop,Argentina,0,1
M,24,15.65,3,desktop,Chile,0,1
F,59,10.51,0,movil,Colombia,2,0
F,36,13.49,8,movil,Chile,1,1
F,30,8.94,6,movil,Peru,0,1
F,45,7.51,3,movil,Ecuador,0,0
M,31,9.73,2,desktop,Colombia,0,0
F,55,13.83,3,desktop,Colombia,0,1
F,46,3.86,4,movil,Peru,1,0
F,56,6.95,2,desktop,Argentina,0,0
M,22,15.49,6,movil,Colombia,0,1
M,31,13.55,4,movil,Argentina,0,1
F,54,17.73,4,movil,Argentina,1,1
M,63,12.56,5,movil,Argentina,1,1
M,63,14.46,7,tablet,Peru,3,1
F,63,8.25,2,desktop,Colombia,0,0
M,21,2.0,1,movil,Ecuador,1,0
F,60,11.68,4,movil,Peru,2,1
M,69,3.32,8,desktop,Chile,0,1
M,59,11.41,4,desktop,Chile,0,1
M,26,14.35,2,desktop,Argentina,0,1
F,24,18.7,4,movil,Chile,0,1
F,21,13.34,1,movil,Argentina,0,1
M,24,18.29,5,tablet,Peru,1,1
M,38,11.3,3,tablet,Ecuador,1,0
F,40,11.9,4,desktop,Colombia,0,1
F,38,11.62,4,desktop,Chile,3,1
M,59,9.39,2,tablet,Argentina,1,0
F,57,8.61,4,movil,Ecuador,0,1
M,50,10.37,5,movil,Colombia,0,1
F,59,14.18,3,desktop,Peru,1,0
F,37,15.32,3,movil,Peru,2,0
M,31,7.01,4,tablet,Peru,0,1
M,63,14.17,5,movil,Argentina,0,1
F,30,13.92,2,desktop,Colombia,0,1
F,48,17.76,3,movil,Peru,1,0
F,45,15.71,6,movil,Chile,2,1
F,46,9.46,4,movil,Chile,0,1
M,62,2.37,1,desktop,Chile,1,0
F,39,6.9,4,movil,Chile,1,0
F,59,11.16,4,desktop,Colombia,0,1
F,43,13.98,8,tablet,Peru,0,1
F,50,12.55,5,movil,Chile,1,1
F,21,21.82,2,movil,Chile,0,1
M,69,17.41,4,tablet,Ecuador,1,1
M,43,9.86,3,desktop,Argentina,1,0
M,35,20.63,4,desktop,Argentina,0,1
F,52,5.87,4,movil,Colombia,1,0
F,69,9.9,8,movil,Peru,0,1
M,26,7.61,6,movil,Colombia,0,1
M,56,25.41,2,movil,Colombia,1,0
M,32,6.17,3,movil,Colombia,0,0
M,62,13.26,2,movil,Argentina,1,0
F,22,13.52,2,movil,Peru,1,0
F,69,10.97,3,desktop,Peru,0,1
M,24,14.3,4,tablet,Ecuador,0,1
F,42,15.53,3,tablet,Peru,0,1
F,67,12.99,5,tablet,Colombia,1,1
M,38,3.86,6,movil,Colombia,2,0
F,51,11.68,2,movil,Argentina,0,1
M,27,15.55,2,movil,Peru,0,1
F,57,11.71,8,movil,Ecuador,0,1
F,29,9.9,3,movil,Argentina,0,0
M,61,13.48,3,movil,Chile,1,0
F,21,8.93,2,desktop,Argentina,0,0
M,58,17.01,5,tablet,Peru,1,1
F,25,17.78,2,movil,Chile,0,1
M,39,17.71,3,movil,Peru,1,0
F,20,2.0,3,tablet,Ecuador,2,0
F,27,14.03,7,desktop,Peru,0,1
M,64,15.75,3,desktop,Colombia,0,1
F,41,19.81,2,movil,Peru,0,1
M,32,4.95,6,desktop,Colombia,1,0
F,53,9.04,8,desktop,Peru,1,0
F,29,13.96,1,desktop,Ecuador,1,0
M,63,13.66,5,movil,Ecuador,0,1
F,58,7.22,5,movil,Chile,0,1
F,42,17.65,3,desktop,Peru,2,0
F,53,18.16,3,movil,Peru,0,1
F,65,14.35,4,movil,Argentina,0,1
F,22,9.39,5,tablet,Argentina,0,1
F,33,13.66,6,movil,Colombia,0,1
F,55,15.93,2,movil,Argentina,1,0
M,27,11.2,1,desktop,Argentina,1,0
M,46,9.14,4,movil,Ecuador,1,0
F,35,12.63,5,movil,Argentina,0,1
F,35,15.2,4,tablet,Ecuador,1,1
M,61,8.55,1,movil,Chile,2,0
M,25,16.6,7,desktop,Peru,0,1
F,27,6.98,2,movil,Peru,1,0
F,38,8.93,7,tablet,Colombia,0,1
F,68,12.2,4,movil,Chile,0,1
M,28,3.46,4,tablet,Argentina,1,0
F,38,13.36,4,movil,Argentina,1,1
M,54,12.0,4,desktop,Peru,1,1
M,63,18.93,5,desktop,Chile,0,1
M,60,9.77,3,movil,Chile,0,0
F,31,12.19,5,movil,Argentina,2,1
M,30,22.97,5,movil,Chile,1,1
M,66,11.2,5,movil,Peru,0,1
M,54,8.45,2,desktop,Peru,0,0
M,25,5.75,2,movil,Colombia,0,0
M,40,7.85,3,desktop,Colombia,0,0
F,39,10.8,4,desktop,Chile,0,1
M,21,9.83,3,desktop,Colombia,1,0
F,55,8.99,2,movil,Ecuador,0,0
M,45,20.53,3,tablet,Colombia,1,0
M,20,10.66,7,tablet,Ecuador,1,1
F,52,7.67,2,desktop,Peru,0,0
M,24,12.27,8,movil,Chile,0,1
F,49,17.51,6,movil,Chile,1,1
M,30,15.82,5,desktop,Peru,1,1
M,62,15.68,1,movil,Chile,0,1
F,54,14.25,6,movil,Chile,0,1
M,40,3.15,4,movil,Peru,4,0
F,64,2.4,1,tablet,Colombia,0,0
M,40,6.01,6,tablet,Ecuador,1,0
F,49,7.4,6,movil,Peru,1,0
F,29,10.75,4,movil,Colombia,0,1
M,52,17.61,4,movil,Chile,0,1
M,30,12.96,3,movil,Argentina,2,0
F,36,21.21,2,movil,Peru,0,1
M,36,16.59,1,movil,Chile,1,0
F,29,6.97,3,movil,Peru,1,0
M,55,17.42,4,desktop,Chile,0,1
M,37,6.88,5,movil,Colombia,0,1
F,63,10.57,6,desktop,Chile,1,1
F,38,16.07,2,movil,Peru,0,1
M,56,12.1,3,movil,Peru,0,1
M,47,10.45,3,desktop,Chile,0,1
M,29,6.71,5,desktop,Ecuador,0,1
M,41,19.6,3,tablet,Colombia,1,0
F,50,8.39,4,movil,Colombia,0,1
M,63,7.29,1,movil,Ecuador,1,0
M,20,14.44,2,movil,Colombia,0,1
M,24,12.83,3,desktop,Argentina,1,0
M,26,18.7,3,movil,Colombia,1,0
F,56,14.52,3,movil,Chile,0,1
F,53,10.46,11,movil,Peru,0,1
M,23,5.84,3,desktop,Peru,0,0
M,58,10.11,4,movil,Peru,1,1
F,62,6.38,2,movil,Ecuador,0,0
F,52,15.69,4,movil,Ecuador,0,1
M,59,11.96,2,movil,Argentina,0,1
F,31,8.56,1,movil,Colombia,0,0
F,59,11.33,6,movil,Ecuador,0,1
F,57,6.9,2,movil,Peru,0,0
M,56,13.58,2,movil,Colombia,0,1
M,19,2.0,2,movil,Ecuador,0,0
M,28,5.51,6,movil,Chile,1,0
M,26,16.97,2,desktop,Peru,0,1
F,21,8.9,2,tablet,Chile,1,0
M,38,12.28,3,movil,Ecuador,0,1
M,63,16.4,3,desktop,Argentina,0,1
F,36,10.31,7,movil,Chile,1,1
F,42,15.54,6,tablet,Ecuador,0,1
F,65,10.94,3,movil,Peru,0,1
F,34,19.87,7,desktop,Peru,1,1
M,29,13.96,5,movil,Argentina,0,1
M,52,18.77,8,movil,Ecuador,0,1
M,67,7.39,4,movil,Ecuador,0,1
M,24,12.57,2,desktop,Colombia,0,1
M,53,7.67,3,desktop,Peru,0,0
F,42,13.7,6,tablet,Chile,0,1
M,56,22.3,7,movil,Peru,0,1
F,66,5.25,2,movil,Chile,0,0
F,24,11.23,2,movil,Colombia,0,1
F,27,16.46,3,desktop,Colombia,0,1
M,51,9.77,2,movil,Peru,0,0
M,67,9.7,5,movil,Ecuador,0,1
M,59,12.13,7,movil,Argentina,0,1
F,69,13.68,7,desktop,Peru,1,1
F,53,2.0,7,movil,Peru,0,1
F,64,9.5,7,movil,Ecuador,1,0
M,64,5.15,9,movil,Argentina,0,1
F,30,12.21,6,movil,Chile,0,1
M,21,7.99,3,tablet,Chile,0,0
F,34,4.85,2,desktop,Colombia,0,0
M,47,13.64,4,desktop,Argentina,0,1
M,37,15.07,0,movil,Peru,1,0
F,29,16.99,3,desktop,Colombia,2,0
F,41,10.03,2,movil,Colombia,0,1
M,32,8.85,5,tablet,Chile,0,1
M,40,13.46,3,desktop,Colombia,0,1
M,34,7.56,3,desktop,Chile,0,0
M,28,12.33,3,movil,Colombia,0,1
M,20,3.59,3,tablet,Chile,2,0
F,53,15.27,5,movil,Chile,2,1
F,30,13.28,2,desktop,Colombia,0,1
M,48,15.09,4,desktop,Ecuador,0,1
M,28,11.48,6,movil,Ecuador,0,1
F,42,15.03,3,desktop,Peru,0,1
F,44,10.64,4,movil,Chile,0,1
M,56,10.84,2,movil,Colombia,1,0
F,30,19.89,3,desktop,Peru,0,1
F,51,7.74,5,movil,Colombia,0,1
F,60,18.25,3,desktop,Ecuador,0,1
M,22,2.0,1,movil,Peru,1,0
M,39,17.83,3,desktop,Chile,0,1
F,59,12.38,2,desktop,Peru,0,1
F,26,12.56,2,desktop,Peru,0,1
M,27,13.61,1,movil,Argentina,0,1
M,39,10.44,4,movil,Chile,1,1
F,65,15.43,4,movil,Chile,0,1
M,68,10.28,4,tablet,Argentina,0,1
F,54,5.74,3,movil,Chile,0,0
M,33,15.84,2,desktop,Peru,0,1
F,57,10.76,5,desktop,Peru,1,1
M,25,24.22,3,desktop,Peru,1,0
M,49,7.59,3,movil,Chile,0,0
M,62,9.11,5,movil,Argentina,0,1
M,56,9.89,4,movil,Colombia,0,1
M,64,17.5,5,desktop,Colombia,0,1
M,41,23.03,2,movil,Argentina,1,0
F,32,12.9,4,movil,Colombia,0,1
M,21,14.38,4,movil,Argentina,0,1
F,36,8.71,2,movil,Argentina,1,0
M,37,15.37,3,tablet,Argentina,0,1
F,62,9.32,2,desktop,Chile,1,0
F,23,19.33,2,movil,Ecuador,1,0
M,63,9.86,6,desktop,Argentina,1,0
F,60,2.0,5,movil,Argentina,0,1
M,42,6.92,1,movil,Peru,0,0
M,52,19.12,2,desktop,Chile,2,0
M,25,13.19,4,movil,Peru,0,1
F,53,16.68,3,desktop,Peru,1,0
F,66,10.36,3,desktop,Peru,0,1
F,27,2.19,6,movil,Colombia,1,0
F,57,11.33,6,desktop,Peru,0,1
M,68,15.84,2,movil,Colombia,0,1
M,20,9.07,5,movil,Chile,1,0
M,34,13.8,4,movil,Argentina,1,1
M,54,10.15,2,desktop,Chile,1,0
M,66,12.47,4,movil,Colombia,1,1
F,44,10.53,6,movil,Ecuador,0,1
F,52,7.34,8,desktop,Ecuador,0,1
M,20,6.07,7,tablet,Peru,1,0
M,37,12.21,5,desktop,Peru,1,1
F,39,14.09,5,movil,Ecuador,0,1
F,52,20.35,3,desktop,Argentina,1,0
F,50,12.67,9,tablet,Chile,0,1
F,30,9.52,6,movil,Ecuador,0,1
M,25,19.13,1,desktop,Peru,2,0
M,30,13.84,3,desktop,Colombia,0,1
F,36,14.95,1,movil,Colombia,0,1
M,60,14.2,5,tablet,Chile,0,1
F,58,8.25,2,movil,Chile,0,0
M,49,18.74,3,movil,Chile,1,0
M,50,14.23,1,desktop,Chile,0,1
F,28,11.0,4,movil,Peru,0,1
M,49,11.29,5,movil,Colombia,0,1
F,65,13.73,2,movil,Ecuador,0,1
M,60,7.83,3,movil,Chile,0,0
M,23,13.95,6,desktop,Peru,0,1
F,35,10.71,6,movil,Colombia,1,1
F,62,10.17,6,movil,Chile,0,1
F,19,15.38,7,desktop,Colombia,0,1
M,24,5.4,3,movil,Colombia,0,0
F,43,13.68,5,movil,Argentina,0,1
M,66,6.11,4,desktop,Ecuador,0,1
F,41,14.53,1,tablet,Chile,0,1
F,59,10.13,4,desktop,Ecuador,0,1
M,27,12.65,5,movil,Colombia,0,1
M,57,14.06,2,desktop,Colombia,0,1
M,51,16.32,4,desktop,Chile,1,1
M,26,11.66,3,desktop,Peru,0,1
M,21,13.67,4,movil,Argentina,0,1
M,69,14.3,3,desktop,Argentina,0,1
F,20,16.28,5,movil,Chile,0,1
F,51,16.48,6,desktop,Colombia,1,1
F,57,4.6,4,movil,Chile,0,1
F,25,12.1,4,desktop,Colombia,0,1
F,62,15.66,9,movil,Ecuador,0,1
M,62,19.6,5,tablet,Peru,0,1
F,69,8.71,3,movil,Peru,0,0
M,20,17.88,5,tablet,Colombia,0,1
M,52,14.0,1,desktop,Argentina,1,0
M,46,14.6,8,movil,Argentina,0,1
F,52,14.48,1,movil,Chile,1,0
F,58,16.1,4,tablet,Colombia,0,1
M,34,2.0,3,desktop,Argentina,0,0
F,36,12.11,4,movil,Peru,0,1
M,30,12.46,5,desktop,Chile,1,1
M,25,4.25,6,movil,Chile,0,1
F,57,2.36,3,movil,Peru,0,0
F,64,14.96,4,desktop,Ecuador,0,1
F,49,8.72,1,movil,Argentina,0,0
F,66,15.21,3,movil,Argentina,0,1
F,36,19.97,3,desktop,Colombia,0,1
M,22,10.38,3,movil,Chile,0,1
M,28,14.6,6,desktop,Chile,0,1
F,29,9.3,2,desktop,Chile,1,0
M,52,4.13,4,movil,Colombia,0,1
F,61,13.42,2,tablet,Chile,3,0
F,59,16.67,4,movil,Ecuador,1,1
F,23,8.46,5,movil,Ecuador,1,0
M,40,13.28,7,desktop,Peru,0,1
F,60,9.04,7,movil,Peru,0,1
M,49,18.39,4,desktop,Chile,0,1
M,44,14.53,3,movil,Argentina,0,1
M,34,7.75,5,movil,Argentina,0,1
M,54,7.4,4,movil,Peru,0,1
F,23,13.33,6,desktop,Chile,0,1
F,31,14.71,6,movil,Argentina,0,1
M,59,8.18,3,desktop,Argentina,0,0
M,31,4.57,1,desktop,Colombia,0,0
F,21,13.63,2,desktop,Ecuador,0,1
F,32,10.41,4,movil,Colombia,0,1
M,69,15.01,2,tablet,Chile,0,1
M,23,14.61,7,desktop,Argentina,1,1
F,56,8.33,2,desktop,Ecuador,1,0
F,22,2.0,2,movil,Peru,0,0
M,48,7.33,5,movil,Ecuador,1,0
F,29,11.39,2,movil,Chile,0,1
M,45,18.14,5,movil,Argentina,0,1
F,25,13.73,4,desktop,Ecuador,0,1
M,65,9.86,4,movil,Argentina,0,1
M,65,13.42,3,desktop,Peru,1,0
M,31,7.23,2,desktop,Ecuador,0,0
F,42,10.29,0,movil,Chile,0,1
F,33,11.97,2,desktop,Ecuador,0,1
F,68,13.24,5,movil,Argentina,0,1
M,20,10.19,0,desktop,Peru,0,1
M,63,13.42,2,movil,Colombia,0,1
F,36,22.46,0,movil,Peru,2,0
F,32,6.86,6,movil,Ecuador,0,1
M,19,12.85,1,desktop,Chile,0,1
F,22,11.03,4,desktop,Colombia,2,1
M,63,10.22,3,movil,Argentina,0,1
M,23,12.34,3,movil,Chile,0,1
F,36,10.73,11,movil,Chile,2,1
M,69,8.15,2,desktop,Ecuador,0,0
M,51,7.69,5,movil,Peru,0,1
M,52,2.0,2,movil,Peru,0,0
M,22,11.11,3,movil,Ecuador,0,1
F,41,4.79,3,movil,Argentina,2,0
F,26,11.46,3,tablet,Peru,1,0
F,65,14.61,4,movil,Colombia,0,1
M,30,5.24,1,movil,Argentina,1,0
M,58,9.35,3,desktop,Argentina,1,0
F,30,18.44,2,desktop,Argentina,1,0
M,58,11.52,5,movil,Colombia,0,1
F,66,13.82,5,desktop,Argentina,1,1
M,35,3.92,0,movil,Ecuador,0,0
F,60,15.51,5,tablet,Chile,0,1
M,22,13.81,4,movil,Colombia,0,1
F,54,7.26,6,desktop,Argentina,0,1
F,56,15.06,4,movil,Colombia,0,1
M,29,2.53,3,movil,Argentina,0,0
M,54,14.82,3,movil,Colombia,0,1
M,49,7.68,5,desktop,Chile,1,0
M,57,12.18,1,movil,Colombia,0,1
M,36,13.24,4,movil,Colombia,1,1
M,27,14.01,3,desktop,Chile,0,1
F,35,12.72,3,desktop,Chile,0,1
M,22,12.17,3,movil,Chile,0,1
F,49,10.85,5,desktop,Colombia,0,1
F,60,11.95,5,movil,Argentina,1,1
F,69,23.0,2,movil,Colombia,0,1
F,38,8.4,3,movil,Colombia,1,0
F,57,4.58,7,desktop,Peru,0,1
F,58,4.71,8,tablet,Chile,0,1
M,20,10.14,6,movil,Chile,2,1
M,54,9.97,4,movil,Peru,1,0
F,36,15.86,4,desktop,Ecuador,0,1
M,34,23.12,1,movil,Chile,0,1
M,21,22.85,2,movil,Chile,0,1
M,61,11.43,3,tablet,Colombia,0,1
F,68,12.73,4,desktop,Chile,0,1
F,28,19.89,3,desktop,Ecuador,1,0
F,56,9.41,3,desktop,Chile,0,0
F,36,29.32,5,movil,Ecuador,0,1
M,31,4.62,4,movil,Peru,0,1
M,59,9.65,3,movil,Chile,2,0
M,28,8.92,9,movil,Peru,0,1
F,25,12.84,11,desktop,Chile,1,1
M,26,26.24,6,movil,Colombia,0,1
F,41,17.65,5,desktop,Peru,0,1
M,43,10.81,0,movil,Colombia,1,0
F,46,20.28,3,desktop,Colombia,1,0
M,31,14.72,9,movil,Colombia,0,1
F,33,13.97,3,movil,Argentina,0,1
M,53,11.27,3,tablet,Ecuador,0,1
M,38,5.47,2,movil,Chile,0,0
F,18,14.35,3,movil,Colombia,1,0
M,27,7.5,2,movil,Colombia,0,0
M,66,7.65,8,movil,Colombia,0,1
F,66,17.69,7,desktop,Ecuador,1,1
F,20,6.92,4,movil,Colombia,0,1
M,46,6.72,0,movil,Argentina,2,0
M,57,13.23,8,tablet,Colombia,1,1
M,57,11.29,6,movil,Chile,0,1
M,47,15.04,3,desktop,Peru,2,0
F,60,6.51,7,desktop,Colombia,1,0
M,19,11.57,5,movil,Ecuador,1,1
F,50,8.97,4,tablet,Argentina,0,1
F,50,10.13,1,desktop,Argentina,0,1
F,22,20.14,2,movil,Peru,0,1
F,23,9.98,1,desktop,Peru,1,0
F,18,17.13,4,movil,Ecuador,0,1
M,48,3.44,2,desktop,Ecuador,0,0
M,35,15.15,2,desktop,Argentina,0,1
M,28,13.33,8,tablet,Colombia,0,1
F,18,11.75,4,movil,Peru,0,1
M,54,16.09,5,desktop,Colombia,0,1
M,18,22.28,6,movil,Chile,1,1
M,35,15.86,10,tablet,Ecuador,0,1
M,19,21.92,5,movil,Peru,0,1
M,37,8.63,5,movil,Chile,1,0
F,34,2.0,4,tablet,Colombia,2,0
M,29,13.44,4,desktop,Argentina,1,1
F,20,16.97,3,desktop,Colombia,1,0
F,22,21.77,2,movil,Argentina,1,0
M,57,10.03,5,movil,Peru,0,1
M,58,14.32,2,desktop,Argentina,0,1
M,47,20.25,0,movil,Peru,1,0
F,26,16.02,1,tablet,Chile,0,1
M,31,3.12,5,tablet,Ecuador,1,0
M,36,10.79,3,movil,Ecuador,0,1
F,57,15.72,4,movil,Chile,1,1
F,52,12.69,2,tablet,Ecuador,0,1
M,32,15.64,5,desktop,Colombia,1,1
M,68,12.03,4,desktop,Ecuador,1,1
F,33,12.38,4,desktop,Argentina,0,1
M,56,14.18,3,movil,Peru,0,1
M,64,10.34,2,movil,Peru,1,0
M,29,11.0,5,desktop,Ecuador,0,1
M,62,12.9,6,movil,Argentina,1,1
M,40,9.47,8,movil,Ecuador,2,0
F,38,6.8,2,movil,Peru,1,0
M,50,11.34,6,movil,Argentina,1,1
F,23,8.38,2,movil,Argentina,1,0
F,50,6.52,4,tablet,Colombia,2,0
M,63,16.41,9,desktop,Colombia,1,1
F,63,7.78,6,tablet,Chile,0,1
F,56,15.89,4,movil,Argentina,1,1
F,30,11.05,6,movil,Argentina,0,1
M,62,12.09,4,desktop,Ecuador,1,1
F,47,16.67,6,tablet,Ecuador,0,1
M,37,6.01,2,movil,Chile,0,0
M,33,10.57,3,movil,Chile,0,1
F,44,17.96,4,tablet,Chile,0,1
M,30,15.13,6,movil,Chile,1,1
M,54,13.98,2,movil,Peru,0,1
M,26,4.81,5,desktop,Colombia,1,0
M,51,2.0,2,desktop,Peru,1,0
F,67,9.04,7,movil,Argentina,1,0
F,34,10.56,4,desktop,Peru,1,1
M,45,16.31,6,movil,Peru,1,1
F,52,12.04,7,movil,Peru,2,1
F,36,23.78,2,movil,Colombia,2,0
F,18,18.77,2,movil,Chile,2,0
F,33,17.41,3,movil,Peru,0,1
M,67,11.0,2,movil,Ecuador,1,0
F,41,11.66,4,movil,Argentina,1,1
F,22,4.82,3,desktop,Colombia,0,0
F,38,8.94,5,tablet,Chile,0,1
F,32,15.77,1,movil,Colombia,0,1
M,54,9.4,4,movil,Peru,0,1
F,51,10.54,2,movil,Ecuador,0,1
F,69,4.28,3,desktop,Colombia,0,0
M,24,13.13,1,movil,Ecuador,2,0
M,52,15.48,3,tablet,Peru,0,1
M,37,2.0,1,movil,Argentina,1,0
M,57,15.89,4,movil,Argentina,0,1
F,65,3.47,7,movil,Colombia,0,1
M,53,10.11,2,desktop,Ecuador,0,1
M,26,10.37,6,tablet,Ecuador,0,1
M,21,6.06,7,desktop,Ecuador,0,1
M,28,12.36,4,movil,Chile,0,1
M,27,7.96,2,movil,Ecuador,1,0
M,63,12.33,5,desktop,Colombia,1,1
F,48,6.76,4,movil,Colombia,0,1
M,51,12.61,3,movil,Chile,0,1
F,67,9.2,5,movil,Argentina,1,0
M,19,7.33,2,movil,Ecuador,0,0
F,60,13.85,1,movil,Chile,0,1
F,24,6.98,8,movil,Colombia,1,0
M,38,18.83,4,tablet,Peru,1,1
F,19,15.68,4,movil,Ecuador,0,1
F,56,23.38,1,movil,Colombia,0,1
F,24,17.6,0,desktop,Peru,1,0
M,43,12.15,2,desktop,Colombia,0,1
M,26,14.14,6,movil,Colombia,4,1
M,46,2.37,5,desktop,Argentina,1,0
F,47,3.05,4,tablet,Ecuador,0,1
M,57,8.56,2,desktop,Argentina,2,0
M,45,17.69,2,tablet,Argentina,2,0
F,60,6.68,5,tablet,Peru,0,1
F,23,20.59,5,desktop,Chile,0,1
M,31,14.92,4,tablet,Peru,1,1
F,33,14.04,6,desktop,Chile,0,1
M,27,12.03,4,tablet,Argentina,0,1
M,29,11.92,3,movil,Chile,0,1
F,25,14.68,1,movil,Argentina,1,0
F,40,17.04,2,movil,Argentina,0,1
M,32,17.67,6,movil,Chile,1,1
M,62,12.9,3,movil,Argentina,0,1
M,34,19.4,6,movil,Peru,1,1
F,32,19.67,10,tablet,Peru,0,1
F,33,8.62,3,tablet,Chile,2,0
M,42,20.84,3,movil,Colombia,1,0
F,48,5.8,3,movil,Argentina,1,0
M,18,7.77,3,movil,Peru,0,0
M,18,14.97,5,movil,Argentina,0,1
F,23,13.13,9,movil,Colombia,0,1
F,34,25.91,5,desktop,Argentina,0,1
M,59,15.24,3,desktop,Ecuador,0,1
M,67,7.09,5,movil,Colombia,1,0
M,53,20.51,4,tablet,Ecuador,2,1
M,36,15.52,4,tablet,Chile,0,1
F,32,2.0,6,movil,Ecuador,2,0
F,45,17.06,3,movil,Colombia,0,1
F,69,18.6,6,desktop,Colombia,1,1
F,45,10.56,4,desktop,Peru,0,1
F,26,10.98,4,tablet,Ecuador,1,1
F,18,4.73,9,movil,Ecuador,0,1
M,58,14.34,4,movil,Colombia,1,1
F,28,16.86,5,movil,Chile,0,1
M,22,19.51,2,desktop,Colombia,0,1
F,26,11.35,5,desktop,Peru,0,1
M,34,14.43,4,movil,Chile,0,1
F,67,5.35,8,desktop,Colombia,0,1
F,50,7.33,10,desktop,Argentina,0,1
M,68,15.69,4,movil,Argentina,1,1
M,20,7.17,4,desktop,Argentina,1,0
M,58,18.93,3,movil,Chile,0,1
F,61,2.0,6,desktop,Ecuador,0,1
F,56,6.81,5,movil,Peru,0,1
F,30,9.32,7,tablet,Argentina,1,0
F,25,18.72,4,movil,Peru,0,1
F,42,14.05,3,movil,Peru,0,1
M,38,8.07,1,movil,Peru,0,0
F,62,11.74,2,movil,Ecuador,1,0
M,46,11.27,6,desktop,Chile,0,1
F,22,7.67,4,desktop,Ecuador,0,1
F,21,6.05,2,desktop,Colombia,1,0
M,45,2.0,4,movil,Chile,0,1
M,19,18.72,5,movil,Chile,0,1
M,27,5.12,5,tablet,Ecuador,0,1
M,33,2.0,5,desktop,Argentina,0,1
M,68,15.59,6,movil,Ecuador,0,1
F,36,14.78,4,desktop,Peru,0,1
M,35,9.22,6,desktop,Peru,2,0
F,18,7.17,1,movil,Chile,0,0
M,50,16.68,6,movil,Peru,0,1
M,65,11.98,5,desktop,Colombia,0,1
M,36,25.89,5,movil,Argentina,0,1
M,55,9.14,7,desktop,Ecuador,0,1
M,65,15.21,2,movil,Chile,0,1
M,34,13.14,3,desktop,Colombia,0,1
M,63,14.03,3,desktop,Peru,0,1
M,21,10.02,4,movil,Colombia,0,1
F,57,15.49,4,movil,Colombia,2,1
M,48,14.47,3,desktop,Ecuador,0,1
M,39,9.63,2,movil,Peru,2,0
F,45,10.1,3,desktop,Colombia,1,0
F,42,11.07,3,desktop,Peru,0,1
M,33,9.57,4,movil,Argentina,1,0
M,59,11.91,3,movil,Argentina,1,0
F,50,13.8,3,movil,Argentina,0,1
M,52,17.49,3,movil,Ecuador,0,1
M,38,4.61,9,movil,Argentina,0,1
F,36,9.59,4,movil,Peru,0,1
M,66,8.16,5,desktop,Peru,0,1
M,26,3.28,7,desktop,Argentina,0,1
F,64,9.14,3,tablet,Colombia,0,0
M,45,13.26,2,movil,Ecuador,0,1
F,32,7.55,6,movil,Peru,0,1
F,23,8.87,4,tablet,Argentina,3,0
F,34,22.37,6,desktop,Argentina,0,1
F,43,15.01,5,movil,Chile,0,1
F,54,20.8,2,movil,Colombia,1,0
M,27,8.86,6,movil,Peru,0,1
M,40,17.52,3,tablet,Ecuador,2,0
F,65,18.53,9,movil,Argentina,1,1
F,34,13.77,5,movil,Argentina,0,1
F,41,14.24,3,movil,Chile,0,1
M,58,16.52,5,movil,Chile,0,1
F,61,17.66,2,tablet,Argentina,0,1
M,24,16.76,3,desktop,Colombia,2,0
M,38,12.2,2,desktop,Argentina,0,1
M,46,5.31,5,tablet,Chile,1,0
M,32,3.54,5,movil,Peru,1,0
F,55,13.73,3,movil,Chile,0,1
F,51,18.05,4,movil,Colombia,0,1
M,36,20.64,3,movil,Chile,0,1
F,31,12.2,3,movil,Ecuador,0,1
F,32,21.48,1,movil,Colombia,0,1
M,29,10.48,6,movil,Peru,0,1
F,27,18.34,1,movil,Argentina,1,0
M,18,16.07,0,movil,Chile,0,1
F,64,19.18,4,movil,Peru,0,1
M,36,7.8,4,movil,Ecuador,2,0
F,35,10.7,3,movil,Chile,0,1
F,66,16.45,3,movil,Colombia,0,1
M,39,18.85,5,movil,Argentina,0,1
M,33,10.04,6,movil,Argentina,0,1
F,57,12.28,5,tablet,Chile,0,1
F,33,10.15,5,movil,Argentina,3,1
M,54,16.53,2,desktop,Chile,0,1
F,32,11.01,3,movil,Argentina,1,0
F,20,15.76,7,movil,Peru,0,1
M,67,17.71,0,movil,Ecuador,2,0
M,51,11.97,5,tablet,Peru,0,1
F,21,7.16,6,movil,Argentina,0,1
F,28,11.34,2,movil,Colombia,0,1
M,20,23.26,5,movil,Peru,1,1
M,30,16.8,6,movil,Ecuador,0,1
F,23,18.65,6,movil,Peru,0,1
F,69,16.74,5,movil,Peru,0,1
M,51,9.58,6,desktop,Chile,1,0
F,36,10.46,3,desktop,Peru,1,0
M,25,13.2,7,desktop,Peru,0,1
F,24,12.37,3,movil,Argentina,1,0
M,30,21.58,4,movil,Ecuador,0,1
M,45,11.98,6,movil,Chile,0,1
M,38,7.46,4,movil,Chile,1,0
M,24,17.77,4,movil,Ecuador,1,1
M,21,12.59,2,desktop,Colombia,0,1
F,47,9.66,5,movil,Colombia,0,1
M,35,14.4,3,movil,Chile,1,0
F,29,9.82,2,desktop,Colombia,2,0
M,31,12.89,4,desktop,Chile,1,1
M,45,12.42,2,desktop,Argentina,0,1
M,45,19.75,5,movil,Argentina,3,1
F,39,4.28,5,movil,Peru,0,1
M,34,7.8,3,movil,Colombia,0,0
M,54,12.95,6,desktop,Ecuador,1,1
F,21,16.03,7,tablet,Argentina,1,1
M,33,17.69,6,desktop,Chile,0,1
M,55,9.42,2,desktop,Colombia,1,0
F,19,18.82,2,movil,Chile,0,1
F,65,4.79,5,movil,Ecuador,1,0
M,24,11.92,3,movil,Ecuador,1,0
M,18,15.0,5,movil,Peru,0,1
M,43,12.42,7,movil,Argentina,0,1
M,21,4.51,6,movil,Argentina,3,0
F,58,16.58,3,movil,Colombia,2,0
M,38,12.45,6,desktop,Chile,1,1
M,23,17.38,5,movil,Ecuador,1,1
M,43,9.62,4,movil,Argentina,0,1
M,65,14.61,2,desktop,Peru,0,1
M,59,7.8,3,tablet,Chile,1,0
F,67,15.94,3,movil,Chile,0,1
F,67,17.66,7,desktop,Colombia,1,1
F,68,5.99,1,desktop,Argentina,1,0
F,60,8.04,3,desktop,Argentina,1,0
F,44,13.53,4,desktop,Argentina,0,1
F,64,16.24,9,movil,Ecuador,1,1
M,63,20.64,5,desktop,Colombia,2,1
F,66,13.22,3,tablet,Ecuador,0,1
F,44,11.07,5,movil,Chile,0,1
M,50,13.01,5,movil,Ecuador,0,1
M,33,2.0,6,movil,Colombia,0,1
M,53,9.57,7,tablet,Argentina,1,0
F,61,19.72,3,movil,Colombia,1,0
F,65,14.98,5,desktop,Colombia,0,1
M,26,15.47,5,movil,Chile,1,1
M,50,5.48,5,tablet,Chile,0,1
M,57,5.72,2,movil,Chile,0,0
F,37,12.3,2,desktop,Argentina,0,1
F,53,7.75,6,movil,Chile,1,0
F,62,2.0,5,movil,Argentina,0,1
M,20,22.21,2,movil,Ecuador,0,1
F,27,18.95,0,desktop,Colombia,0,1
M,34,12.82,6,desktop,Ecuador,0,1
M,39,5.25,3,movil,Ecuador,2,0
F,47,4.5,4,movil,Chile,0,1
F,49,13.46,6,movil,Ecuador,1,1
F,45,8.46,5,movil,Argentina,1,0
M,56,19.9,2,movil,Colombia,1,0
F,64,14.83,3,movil,Colombia,1,0
M,23,5.84,2,movil,Chile,0,0
F,39,15.98,6,desktop,Peru,0,1
M,54,4.12,6,tablet,Colombia,0,1
M,49,14.19,1,desktop,Peru,1,0
F,55,15.36,1,movil,Colombia,0,1
F,65,15.65,4,movil,Ecuador,0,1
M,34,5.49,4,tablet,Chile,0,1
M,49,10.17,4,movil,Colombia,0,1
F,62,18.94,3,tablet,Peru,2,0
M,67,12.97,4,movil,Ecuador,0,1
M,49,8.55,2,tablet,Ecuador,2,0
M,67,22.1,2,desktop,Argentina,0,1
M,36,9.66,2,desktop,Chile,2,0
F,32,5.21,2,desktop,Ecuador,0,0
F,59,12.83,7,movil,Argentina,0,1
M,40,13.42,4,movil,Argentina,0,1
M,22,17.52,4,movil,Colombia,0,1
M,62,18.48,4,movil,Chile,1,1
F,58,11.71,5,movil,Ecuador,1,1
F,44,16.15,3,movil,Peru,2,0
M,18,16.62,2,tablet,Peru,0,1
M,42,13.61,1,desktop,Peru,1,0
F,54,15.01,3,movil,Colombia,0,1
M,64,7.98,2,tablet,Peru,2,0
M,25,16.54,2,desktop,Colombia,1,0
M,52,11.45,3,tablet,Peru,1,0
M,28,6.73,3,movil,Ecuador,1,0
M,61,7.86,4,movil,Colombia,1,0
F,58,14.65,3,movil,Argentina,0,1
M,28,13.96,4,movil,Chile,0,1
M,67,9.36,2,tablet,Argentina,1,0
F,31,14.84,4,tablet,Ecuador,0,1
F,40,16.75,5,movil,Argentina,0,1
F,19,11.87,7,movil,Colombia,0,1
M,59,6.54,3,desktop,Chile,0,0
F,62,8.02,3,movil,Peru,0,0
F,64,13.66,7,desktop,Ecuador,1,1
M,35,13.57,6,desktop,Peru,0,1
F,56,7.97,6,desktop,Ecuador,0,1
M,27,11.8,3,desktop,Colombia,0,1
F,45,17.52,3,desktop,Peru,0,1
F,20,19.24,0,movil,Argentina,0,1
F,53,13.71,1,movil,Peru,0,1
M,69,13.71,4,movil,Argentina,0,1
M,23,12.26,5,movil,Argentina,0,1
F,22,12.6,4,movil,Peru,1,1
M,23,16.5,8,desktop,Peru,0,1
M,31,11.7,7,movil,Ecuador,0,1
F,54,8.82,4,movil,Peru,1,0
M,51,11.0,4,movil,Ecuador,0,1
F,50,5.77,3,movil,Colombia,0,0
F,47,2.15,3,desktop,Ecuador,0,0
F,40,7.9,3,movil,Ecuador,0,0
F,34,7.57,3,desktop,Ecuador,0,0
M,65,17.37,4,movil,Colombia,1,1
M,26,8.78,4,movil,Ecuador,0,1
M,62,8.11,7,movil,Peru,1,0
F,41,5.5,5,movil,Ecuador,2,0
M,46,10.0,5,tablet,Chile,0,1
F,33,13.98,3,movil,Colombia,0,1
F,33,20.78,2,tablet,Ecuador,1,0
F,51,9.29,5,movil,Chile,0,1
F,68,12.02,3,movil,Peru,2,0
M,48,14.52,5,movil,Argentina,1,1
F,30,15.73,12,tablet,Argentina,0,1
M,46,18.79,6,desktop,Ecuador,0,1
M,41,8.22,4,movil,Peru,0,1
M,66,11.15,4,desktop,Peru,0,1
M,23,11.9,2,movil,Colombia,0,1
F,56,13.62,5,movil,Colombia,0,1
F,46,19.04,6,movil,Ecuador,0,1
M,61,10.51,2,movil,Argentina,1,0
M,30,18.22,4,desktop,Argentina,0,1
M,21,15.4,4,movil,Chile,1,1
M,58,10.85,4,movil,Argentina,1,1
F,18,12.41,0,movil,Colombia,1,0
F,50,7.01,3,desktop,Colombia,0,0
M,41,15.4,2,movil,Ecuador,1,0
M,39,14.04,8,movil,Chile,1,1
M,68,17.98,2,desktop,Chile,1,0
F,29,4.61,4,desktop,Ecuador,1,0
M,69,6.57,4,movil,Ecuador,0,1
F,39,14.49,1,movil,Argentina,1,0
F,27,16.61,3,movil,Peru,0,1
F,23,6.01,6,movil,Ecuador,0,1
F,55,15.24,4,desktop,Peru,1,1
F,43,2.46,4,desktop,Chile,0,1
F,65,12.07,6,desktop,Argentina,1,1
F,65,15.44,6,movil,Argentina,1,1
M,68,9.35,4,movil,Ecuador,1,0
F,43,12.53,4,tablet,Colombia,1,1
M,57,22.89,4,desktop,Ecuador,1,1
F,22,16.19,3,movil,Ecuador,1,0
F,68,11.57,7,movil,Peru,0,1
M,57,7.78,6,movil,Argentina,1,0
F,41,16.97,1,desktop,Ecuador,1,0
F,69,7.23,1,desktop,Argentina,2,0
F,67,13.74,3,desktop,Chile,0,1
F,63,12.17,12,movil,Colombia,1,1
M,46,10.12,4,desktop,Chile,0,1
F,25,10.77,1,desktop,Chile,0,1
F,65,11.51,2,movil,Peru,0,1
F,25,2.0,4,movil,Argentina,1,0
F,43,9.64,4,movil,Ecuador,1,0
M,63,9.25,4,movil,Chile,0,1
F,37,12.73,3,desktop,Argentina,0,1
F,29,7.79,8,desktop,Colombia,0,1
F,51,7.11,0,desktop,Peru,0,0
F,63,11.14,1,movil,Colombia,1,0
M,22,15.87,3,movil,Chile,2,0
F,67,17.2,4,tablet,Chile,0,1
F,53,13.35,6,desktop,Peru,0,1
F,42,6.26,6,movil,Colombia,0,1
F,41,12.09,2,movil,Colombia,0,1
F,69,6.0,2,movil,Colombia,0,0
M,39,2.83,1,movil,Argentina,0,0
F,29,11.99,3,movil,Peru,2,0
M,46,13.26,5,movil,Argentina,0,1
F,46,10.46,3,movil,Argentina,2,0
F,26,20.66,4,desktop,Colombia,0,1
F,53,13.62,1,desktop,Chile,0,1
F,54,15.78,2,desktop,Colombia,1,0
F,65,7.11,12,movil,Chile,1,0
F,53,13.28,3,tablet,Chile,0,1
F,62,9.07,3,desktop,Argentina,0,0
F,44,6.01,7,desktop,Ecuador,2,0
M,33,5.89,5,movil,Chile,0,1
F,51,8.28,3,movil,Peru,0,0
F,60,7.05,5,movil,Chile,1,0
M,62,9.13,6,movil,Colombia,0,1
M,19,18.19,4,movil,Ecuador,1,1
M,21,10.07,5,desktop,Ecuador,0,1
M,22,8.76,3,movil,Ecuador,0,0
M,31,11.07,2,tablet,Argentina,0,1
M,41,6.95,2,movil,Chile,0,0
F,58,11.92,5,movil,Chile,2,1
F,66,15.21,6,movil,Ecuador,0,1
M,22,17.79,7,desktop,Ecuador,1,1
F,44,20.86,3,movil,Peru,0,1
F,20,5.76,4,desktop,Peru,0,1
F,44,14.52,0,desktop,Ecuador,0,1
F,41,12.67,8,movil,Peru,2,1
M,22,11.7,4,movil,Chile,0,1
M,46,12.96,11,desktop,Ecuador,0,1
M,36,12.36,5,desktop,Argentina,2,1
M,49,12.08,6,movil,Colombia,1,1
M,36,14.01,3,desktop,Ecuador,2,0
M,57,12.72,4,desktop,Ecuador,1,1
F,69,10.64,4,desktop,Peru,0,1
F,31,12.23,5,desktop,Ecuador,1,1
F,64,14.56,1,desktop,Colombia,0,1
M,54,8.78,0,desktop,Colombia,0,0
M,37,18.01,4,movil,Ecuador,1,1
F,26,16.76,6,desktop,Argentina,0,1
M,55,11.33,4,desktop,Colombia,1,1
M,54,6.22,4,movil,Colombia,0,1
M,22,10.76,3,movil,Colombia,0,1
M,47,11.64,7,movil,Colombia,0,1
M,26,2.0,3,movil,Peru,1,0
F,62,8.37,7,movil,Argentina,1,0
M,46,15.04,1,movil,Peru,0,1
M,35,13.22,2,movil,Argentina,2,0
F,66,13.35,5,movil,Chile,1,1
F,39,16.35,5,desktop,Argentina,1,1
F,40,13.16,4,movil,Argentina,0,1
F,62,20.58,1,movil,Colombia,0,1
M,66,16.54,5,movil,Chile,1,1
F,54,12.35,3,desktop,Peru,0,1
M,24,14.31,3,movil,Peru,0,1
M,51,5.14,3,tablet,Chile,0,0
M,28,9.91,4,movil,Argentina,1,0
M,31,9.44,5,movil,Argentina,0,1
M,44,6.88,8,desktop,Chile,0,1
F,27,7.83,4,movil,Peru,0,1
F,67,2.0,6,movil,Ecuador,0,1
M,57,12.97,1,movil,Peru,0,1
F,55,7.39,5,movil,Chile,1,0
F,40,12.0,8,tablet,Colombia,2,1
F,30,11.95,1,desktop,Peru,0,1
F,26,23.35,2,movil,Peru,1,0
F,21,8.92,4,tablet,Argentina,1,0
F,61,12.61,6,movil,Argentina,0,1
F,29,8.16,3,desktop,Argentina,0,0
F,63,12.46,7,tablet,Ecuador,0,1
F,53,9.28,3,desktop,Argentina,0,0
M,30,21.98,3,movil,Argentina,1,0
F,63,19.62,4,movil,Chile,2,1
M,65,3.37,3,movil,Colombia,1,0
M,63,7.3,0,movil,Ecuador,2,0
F,59,11.96,3,movil,Peru,0,1
F,56,8.81,2,movil,Colombia,0,0
M,53,9.33,7,movil,Ecuador,2,0
F,33,10.44,5,movil,Chile,0,1
F,56,9.79,2,movil,Chile,0,0
M,27,12.23,2,movil,Peru,0,1
M,34,13.87,4,movil,Chile,2,1
M,23,11.32,5,desktop,Peru,1,1
M,46,17.87,5,tablet,Colombia,1,1
M,19,13.35,2,movil,Chile,0,1
M,29,8.79,4,movil,Argentina,0,1
M,18,9.69,2,desktop,Colombia,0,0
F,28,9.23,5,desktop,Colombia,0,1
M,34,4.93,5,tablet,Peru,0,1
F,25,17.59,2,movil,Peru,0,1
F,58,3.47,5,movil,Argentina,1,0
M,49,10.57,7,movil,Argentina,0,1
F,58,15.41,6,movil,Colombia,0,1
F,46,15.71,8,movil,Peru,1,1
M,20,10.72,6,desktop,Argentina,2,1
F,54,14.99,2,movil,Argentina,0,1
F,55,15.26,4,movil,Argentina,2,1
M,27,19.78,5,movil,Peru,0,1
M,55,12.99,10,movil,Peru,0,1
F,45,16.46,1,movil,Chile,0,1
F,54,15.77,3,movil,Peru,0,1
M,64,22.24,12,tablet,Peru,0,1
F,30,2.0,7,movil,Ecuador,3,0
M,45,15.68,2,movil,Peru,0,1
F,55,10.35,4,desktop,Chile,0,1
F,22,13.53,1,desktop,Colombia,0,1
M,36,2.0,7,tablet,Colombia,0,1
F,62,13.01,0,desktop,Argentina,0,1
M,68,8.07,5,tablet,Colombia,1,0
M,48,16.88,4,movil,Peru,0,1
F,51,16.4,4,desktop,Colombia,1,1
M,31,9.84,6,movil,Argentina,2,0
M,27,10.85,4,movil,Argentina,0,1
M,62,13.0,4,movil,Ecuador,0,1
M,58,20.53,3,desktop,Peru,0,1
M,44,7.55,2,desktop,Peru,0,0
F,22,15.39,3,desktop,Chile,2,0
M,61,5.61,9,movil,Ecuador,2,0
F,22,3.56,3,movil,Colombia,0,0
M,65,17.42,6,movil,Argentina,1,1
F,48,11.61,2,tablet,Peru,0,1
M,33,19.48,6,desktop,Peru,1,1
F,46,16.65,3,desktop,Ecuador,0,1
M,28,10.41,4,movil,Chile,0,1
F,58,2.0,1,movil,Ecuador,0,0
M,20,12.74,7,movil,Ecuador,0,1
F,34,8.76,1,movil,Colombia,1,0
F,20,8.48,4,movil,Argentina,0,1
M,40,10.05,3,movil,Peru,1,0
M,25,19.21,5,movil,Chile,0,1
M,52,13.15,4,movil,Ecuador,1,1
F,66,10.72,3,movil,Colombia,0,1
M,50,10.22,4,movil,Colombia,1,1
F,60,2.13,5,movil,Argentina,1,0
F,56,13.1,3,movil,Chile,1,0
M,39,16.64,5,movil,Peru,0,1
M,51,13.86,3,movil,Colombia,1,0
F,54,13.23,4,tablet,Argentina,0,1
F,36,8.08,8,movil,Peru,1,0
M,36,8.15,2,movil,Ecuador,0,0
F,34,8.73,4,movil,Colombia,2,0
M,20,9.41,9,desktop,Chile,2,0
F,66,19.28,5,movil,Colombia,0,1
F,60,7.34,4,movil,Colombia,1,0
M,34,8.15,4,desktop,Colombia,0,1
M,34,18.01,3,movil,Ecuador,0,1
F,29,9.25,6,movil,Peru,1,0
F,52,2.0,6,movil,Peru,1,0
F,55,15.79,1,tablet,Peru,0,1
M,47,7.38,2,desktop,Peru,0,0
M,69,6.89,6,movil,Chile,0,1
M,52,14.82,8,tablet,Peru,1,1
F,41,13.77,3,desktop,Colombia,0,1
M,51,11.92,5,desktop,Colombia,1,1
M,52,14.39,5,desktop,Colombia,0,1
F,31,4.09,3,desktop,Peru,2,0
F,66,13.64,6,movil,Ecuador,1,1
F,34,5.19,3,movil,Ecuador,0,0
M,68,14.64,6,desktop,Peru,0,1
M,19,13.89,0,desktop,Colombia,0,1
M,52,8.98,5,movil,Chile,1,0
M,19,13.77,4,movil,Peru,0,1
M,46,3.59,3,movil,Peru,1,0
F,30,8.29,6,movil,Argentina,1,0
F,68,9.15,2,movil,Argentina,2,0
M,46,14.93,1,movil,Argentina,1,0
F,54,15.83,0,movil,Ecuador,0,1
M,41,7.79,3,movil,Colombia,1,0
M,33,16.43,6,movil,Chile,0,1
M,21,6.35,2,movil,Ecuador,1,0
F,27,19.44,3,movil,Chile,2,0
M,40,7.85,7,desktop,Chile,1,0
F,63,14.35,0,tablet,Peru,0,1
M,34,17.61,4,movil,Argentina,1,1
F,23,2.7,1,movil,Colombia,0,0
M,61,14.17,6,desktop,Argentina,0,1
M,49,16.4,1,movil,Chile,0,1
M,69,15.27,3,movil,Argentina,0,1
F,59,11.53,6,desktop,Chile,0,1
M,55,5.11,1,movil,Ecuador,0,0
M,54,6.54,2,desktop,Argentina,0,0
F,58,21.05,7,movil,Colombia,0,1
F,28,12.23,6,desktop,Chile,0,1
M,33,14.82,4,desktop,Argentina,0,1
M,43,5.09,7,tablet,Ecuador,0,1
M,27,15.08,6,desktop,Colombia,0,1
M,44,7.76,3,tablet,Ecuador,0,0
M,56,6.89,5,movil,Chile,0,1
M,21,2.22,4,movil,Ecuador,0,1
F,38,8.55,4,desktop,Chile,0,1
F,69,15.33,3,desktop,Argentina,2,0
F,18,10.2,3,tablet,Colombia,0,1
M,43,17.1,8,movil,Argentina,1,1
F,33,2.0,1,movil,Chile,0,0
F,55,10.13,4,movil,Peru,0,1
F,60,9.11,3,desktop,Ecuador,0,0
F,67,21.67,4,movil,Peru,2,1
M,29,14.3,3,desktop,Ecuador,2,0
F,31,3.54,4,desktop,Colombia,0,1
F,26,13.38,3,movil,Ecuador,0,1
F,42,9.93,2,desktop,Ecuador,0,0
M,25,14.87,4,desktop,Argentina,2,1
F,56,8.78,6,movil,Argentina,1,0
M,64,12.76,1,movil,Argentina,0,1
F,55,11.06,4,tablet,Peru,1,1
M,18,10.53,3,desktop,Colombia,0,1
F,30,17.28,4,movil,Argentina,0,1
F,53,14.52,6,desktop,Colombia,0,1
F,60,2.0,6,movil,Colombia,2,0
M,42,15.08,7,movil,Peru,0,1
M,18,16.47,1,movil,Ecuador,1,0
M,20,18.91,4,movil,Chile,0,1
M,47,15.57,7,movil,Argentina,0,1
F,64,10.88,3,movil,Chile,2,0
F,43,13.24,4,movil,Chile,2,1
F,55,16.7,6,movil,Chile,0,1
F,44,3.65,3,movil,Argentina,1,0
M,49,19.42,6,movil,Argentina,1,1
M,37,8.06,5,desktop,Colombia,0,1
F,57,18.57,7,movil,Colombia,1,1
F,37,21.46,3,movil,Chile,1,0
M,19,7.24,2,movil,Colombia,1,0
M,43,21.58,9,desktop,Ecuador,1,1
F,21,6.75,9,movil,Peru,0,1
F,60,8.5,4,movil,Chile,0,1
M,48,10.81,3,movil,Ecuador,0,1
F,37,18.94,2,desktop,Peru,0,1
F,43,5.76,3,movil,Argentina,0,0
F,31,11.14,9,tablet,Ecuador,0,1
F,56,19.2,4,desktop,Colombia,0,1
F,42,19.83,2,movil,Ecuador,2,0
F,37,11.52,5,desktop,Ecuador,0,1
M,22,11.29,5,movil,Chile,1,1
M,50,7.2,2,tablet,Peru,0,0
M,69,5.53,2,movil,Ecuador,0,0
F,59,4.51,1,movil,Peru,1,0
M,20,24.03,4,movil,Argentina,1,1
F,69,7.73,6,movil,Colombia,0,1
M,53,10.77,4,movil,Argentina,0,1
F,48,13.83,3,tablet,Chile,0,1
M,23,12.01,1,movil,Peru,2,0
F,48,9.53,1,movil,Chile,2,0
F,53,13.64,5,movil,Chile,0,1
F,20,7.38,5,movil,Chile,0,1
F,42,11.45,7,desktop,Argentina,0,1
F,58,9.06,6,desktop,Chile,3,0
M,40,16.46,9,desktop,Colombia,0,1
M,49,23.3,1,movil,Peru,0,1
M,63,10.15,2,desktop,Colombia,1,0
M,26,12.7,6,movil,Argentina,0,1
M,49,8.8,6,movil,Ecuador,0,1
F,24,9.84,7,desktop,Colombia,1,0
M,51,6.34,1,movil,Peru,1,0
F,55,4.14,0,movil,Argentina,2,0
M,39,12.48,6,desktop,Peru,0,1
M,62,7.27,2,movil,Colombia,1,0
M,28,21.68,4,movil,Chile,1,1
M,32,7.75,7,desktop,Argentina,0,1
F,22,16.55,6,movil,Peru,2,1
F,28,17.93,2,movil,Colombia,0,1
M,21,10.05,4,desktop,Ecuador,0,1
F,40,17.28,7,movil,Colombia,2,1
M,64,12.35,5,movil,Chile,2,1
F,24,9.32,4,movil,Chile,0,1
M,47,5.49,1,movil,Argentina,0,0
M,43,10.67,4,movil,Chile,0,1
F,40,3.55,1,movil,Colombia,0,0
F,34,15.94,2,movil,Argentina,2,0
F,58,2.0,5,desktop,Chile,1,0
F,18,8.75,3,desktop,Ecuador,0,0
M,40,14.54,3,movil,Peru,0,1
F,34,3.4,7,tablet,Colombia,0,1
F,51,19.68,4,movil,Peru,0,1
M,36,14.67,3,tablet,Chile,1,0
M,44,11.68,1,movil,Argentina,0,1
M,66,14.44,3,movil,Colombia,0,1
F,33,14.09,3,desktop,Chile,2,0
F,63,22.08,2,tablet,Peru,0,1
F,48,16.13,6,movil,Ecuador,0,1
M,24,18.86,6,movil,Peru,1,1
M,38,13.47,3,tablet,Colombia,0,1
F,43,17.34,5,desktop,Peru,2,1
F,21,21.45,2,desktop,Chile,0,1
F,59,7.07,7,movil,Chile,0,1
M,61,7.27,10,movil,Ecuador,0,1
M,29,17.56,1,desktop,Ecuador,1,0
M,53,7.55,4,movil,Colombia,0,1
F,38,5.72,4,desktop,Argentina,0,1
F,53,9.54,3,movil,Chile,0,0
F,29,11.22,2,movil,Ecuador,0,1
F,45,8.26,3,movil,Argentina,1,0
M,46,12.65,3,movil,Ecuador,3,0
F,54,4.05,8,movil,Chile,0,1
M,42,15.28,6,desktop,Colombia,0,1
M,66,18.41,6,movil,Peru,0,1
M,55,2.0,3,movil,Argentina,0,0
M,50,11.7,4,movil,Chile,0,1
F,35,10.77,3,movil,Peru,0,1
F,53,13.28,3,movil,Chile,0,1
F,50,11.98,2,movil,Peru,0,1
F,44,13.4,2,desktop,Ecuador,0,1
F,69,11.98,5,tablet,Chile,0,1
M,19,16.89,5,movil,Colombia,1,1
M,43,21.65,5,movil,Argentina,0,1
M,44,16.73,5,tablet,Ecuador,0,1
M,33,6.96,5,tablet,Chile,0,1
F,28,9.24,1,movil,Colombia,1,0
M,66,18.32,4,desktop,Argentina,1,1
F,21,9.64,2,movil,Ecuador,0,0
F,48,13.73,5,movil,Argentina,1,1
F,19,16.58,1,desktop,Chile,1,0
F,61,7.91,4,desktop,Colombia,0,1
M,42,11.64,4,desktop,Peru,0,1
F,21,10.5,7,tablet,Colombia,2,1
F,51,17.16,3,desktop,Colombia,1,0
F,28,10.32,2,movil,Colombia,1,0
F,41,3.57,1,movil,Chile,0,0
F,60,14.24,5,movil,Chile,1,1
F,52,15.18,4,movil,Colombia,1,1
F,25,18.25,5,tablet,Argentina,0,1
M,42,11.53,1,tablet,Peru,1,0
M,58,8.29,6,movil,Colombia,0,1
M,46,13.18,4,movil,Peru,1,1
M,38,11.73,5,desktop,Peru,0,1
M,31,17.56,3,movil,Ecuador,1,0
F,52,15.52,1,movil,Colombia,0,1
F,50,10.71,5,movil,Chile,1,1
M,48,8.1,3,movil,Peru,2,0
M,66,15.48,7,movil,Ecuador,0,1
F,49,7.2,7,desktop,Colombia,1,0
F,47,12.89,7,desktop,Argentina,0,1
M,26,12.42,5,movil,Ecuador,0,1
F,51,16.32,1,desktop,Ecuador,0,1
F,43,13.49,4,movil,Argentina,1,1
F,45,6.95,5,movil,Colombia,0,1
F,22,14.58,6,desktop,Argentina,2,1
M,40,14.7,5,movil,Chile,0,1
F,25,16.42,4,desktop,Colombia,0,1
F,59,16.84,5,desktop,Ecuador,0,1
F,67,14.37,4,movil,Chile,0,1
F,36,12.37,7,movil,Argentina,1,1
F,45,7.94,2,desktop,Argentina,0,0
M,22,6.66,7,movil,Argentina,1,0
F,63,4.64,4,movil,Argentina,0,1
F,23,10.42,3,movil,Colombia,0,1
F,69,13.79,4,tablet,Colombia,0,1
M,42,21.83,2,desktop,Chile,1,0
M,54,8.71,4,movil,Peru,0,1
F,30,13.75,2,movil,Colombia,0,1
F,23,10.73,2,movil,Peru,2,0
F,22,7.92,2,tablet,Argentina,0,0
F,39,9.19,2,movil,Peru,0,0
F,23,19.2,2,movil,Ecuador,0,1
F,24,13.42,4,movil,Chile,0,1
M,21,14.18,7,movil,Chile,0,1
M,43,8.56,4,movil,Colombia,0,1
M,55,17.4,6,movil,Peru,0,1
M,39,5.93,5,tablet,Chile,0,1
F,33,12.15,0,movil,Peru,1,0
F,50,14.49,2,movil,Ecuador,0,1
F,63,13.25,8,movil,Colombia,1,1
F,48,16.5,3,movil,Argentina,0,1
F,60,16.34,6,movil,Peru,0,1
F,50,27.69,4,movil,Argentina,0,1
F,56,9.49,1,movil,Ecuador,2,0
F,60,16.43,3,tablet,Ecuador,2,0
F,67,3.59,2,desktop,Ecuador,0,0
M,23,11.81,6,desktop,Colombia,1,1
F,62,15.46,4,desktop,Colombia,1,1
M,36,6.02,2,desktop,Argentina,0,0
F,60,6.1,3,movil,Peru,1,0
M,36,21.27,8,movil,Argentina,0,1
M,68,16.16,5,movil,Peru,0,1
M,21,19.2,4,movil,Ecuador,0,1
M,65,7.77,2,movil,Argentina,1,0
F,49,4.3,3,desktop,Ecuador,1,0
M,56,15.69,6,tablet,Chile,1,1
F,44,17.67,5,movil,Ecuador,1,1
M,36,11.45,3,movil,Peru,0,1
M,38,12.36,3,movil,Ecuador,1,0
M,59,18.4,4,desktop,Ecuador,0,1
M,69,2.0,2,desktop,Colombia,0,0
F,45,10.56,5,desktop,Peru,0,1
M,69,18.22,2,movil,Chile,2,0
M,59,13.75,2,desktop,Chile,0,1
M,54,12.44,6,desktop,Argentina,1,1
F,37,5.6,9,movil,Colombia,1,0
M,60,2.0,4,desktop,Ecuador,0,1
M,27,7.05,7,movil,Colombia,0,1
M,60,2.12,5,movil,Peru,1,0
M,46,17.06,3,movil,Colombia,1,0
F,41,13.28,3,movil,Ecuador,0,1
F,34,17.33,2,movil,Argentina,0,1
M,38,11.46,5,desktop,Chile,0,1
M,53,14.22,4,movil,Colombia,0,1
M,56,7.95,6,movil,Chile,1,0
M,64,7.67,5,movil,Chile,0,1
F,30,5.54,3,movil,Peru,0,0
M,68,24.38,2,desktop,Chile,0,1
M,66,11.84,5,desktop,Argentina,1,1
F,27,13.52,3,movil,Peru,0,1
F,48,8.59,2,movil,Colombia,0,0
F,42,15.12,6,movil,Colombia,2,1
M,54,14.19,7,movil,Ecuador,0,1
M,37,25.78,7,tablet,Argentina,1,1
M,40,18.7,0,tablet,Argentina,0,1
M,38,11.57,3,movil,Colombia,2,0
M,44,10.6,5,desktop,Ecuador,0,1
M,32,12.31,3,movil,Argentina,2,0
F,59,2.47,5,movil,Argentina,0,1
F,43,10.4,1,movil,Chile,0,1
M,28,13.48,2,movil,Colombia,0,1
M,50,11.48,5,movil,Argentina,1,1
M,19,10.73,5,desktop,Peru,0,1
M,53,5.82,6,movil,Ecuador,0,1
F,64,8.19,5,movil,Peru,0,1
M,52,2.0,4,movil,Colombia,1,0
M,46,7.1,3,movil,Colombia,1,0
M,57,5.24,7,movil,Colombia,0,1
F,66,6.91,6,tablet,Peru,2,0
M,69,16.05,3,desktop,Argentina,0,1
F,36,16.12,6,movil,Argentina,0,1
M,65,22.74,3,tablet,Ecuador,0,1
M,25,7.01,3,desktop,Colombia,0,0
M,48,7.34,6,tablet,Chile,1,0
M,46,11.72,4,movil,Colombia,0,1
F,38,24.18,4,desktop,Ecuador,0,1
M,29,13.6,5,desktop,Argentina,0,1
F,36,10.97,3,movil,Chile,0,1
F,37,17.85,4,movil,Chile,0,1
F,68,8.56,4,desktop,Argentina,0,1
M,45,14.54,3,tablet,Colombia,0,1
F,51,14.23,4,movil,Argentina,0,1
